Startup,Industry,SubVertical,City,Investors,InvestmentType,Date,InvestmentAmount
Housejoy,EdTech,K12,Mumbai,Lightspeed India,Seed,2023-04-19,1.90642
Groww,Media,Streaming,Bengaluru,IFC,Seed,2025-01-28,15.97944
Groww,Mobility,Ride Sharing,Hyderabad,"Nexus Venture Partners, Peak XV",Series B,2021-03-14,364.53816
FarmBox,Consumer Electronics,Wearables,Gurugram,"Kalaari Capital, Y Combinator",Seed,2023-09-11,4.3589
Udaan,RealEstate,Rental Tech,Mumbai,Bessemer Venture Partners,Seed,2024-01-31,0.85262
AeroStack,EdTech,Coding Bootcamp,Delhi,"Matrix Partners India, Peak XV",Pre-Series A,2021-07-24,1.36994
Ola,Retail,Fashion,Mumbai,Tiger Global Management,Seed,2023-01-12,0.59396
FinSpace,Consumer Electronics,Wearables,Gurugram,Blume Ventures,Growth,2025-01-22,4710.68718
Rapido,FoodTech,Food Delivery,Kolkata,"A91 Partners, Kedaara Capital, Tiger Global Management",Seed,2023-11-27,4.39722
HyperLoop,EdTech,Test Prep,Ahmedabad,"Mirae Asset, SoftBank Vision Fund, Tiger Global",Series B,2020-05-04,341.1438
NextSense,Mobility,Ride Sharing,Delhi,"IFC, Kalaari Capital, Peak XV",Seed,2020-05-19,0.51732
LogiMart,FinTech,NeoBank,Mumbai,"Falcon Edge, Peak XV",Pre-Series A,2023-04-10,8.93814
CoreFlow,SaaS,DevTools,Hyderabad,"Elevation Capital, SoftBank Vision Fund, Ventures India",Pre-Series A,2023-10-07,6.5144
Groww,FinTech,InsurTech,Ahmedabad,Falcon Edge,Debt,2020-07-23,3.58292
ClearDekho,Logistics,Last Mile,Pune,Y Combinator,Private Equity,2024-12-05,1456.09294
NextSense,Mobility,Micro Mobility,Hyderabad,"A91 Partners, Falcon Edge, Prosus Ventures",Series A,2024-07-10,15.73994
Zomato,HealthTech,Pharmacy,Mumbai,"Blume Ventures, Elevation Capital",Private Equity,2024-02-29,1930.2263
FarmTech,EdTech,UpSkilling,Noida,Accel,Series A,2025-01-28,39.68036
Innovaccer,Enterprise,Security,Bengaluru,Ribbit Capital,Pre-Seed,2024-04-28,0.51732
CureFit,HealthTech,Health Analytics,Noida,Accel,Series B,2023-02-22,107.40138
WorkPay,Enterprise,Security,Ahmedabad,Tiger Global,Series A,2022-05-30,50.22794
Mobikwik,Retail,E-Retail,Pune,"Accel, Bessemer Venture Partners, IFC",Seed,2021-05-26,0.80472
Freshworks,AgriTech,Marketplace,Delhi,Tiger Global Management,Angel,2021-04-29,0.11496
EduTech,FinTech,Lending,Pune,"IFC, Matrix Partners India, Zodius Capital",Series C,2022-04-23,516.73562
AeroStack,FinTech,InsurTech,Gurugram,"Y Combinator, Zodius Capital",Seed,2025-02-23,2.57702
HomeFoods,RealEstate,PropTech,Chennai,Tiger Global Management,Seed,2024-11-05,8.6699
QuantumSolutions,Mobility,EV,Noida,IFC,Seed,2020-02-26,0.99632
Swiggy,HealthTech,Pharmacy,Bengaluru,Kedaara Capital,Seed,2022-06-08,3.19014
HyperLabs,Mobility,Ride Sharing,Chennai,Tiger Global,Angel,2021-01-24,0.27782
DriveEdge,Retail,Fashion,Gurugram,"LCatterton, Prosus Ventures, Ribbit Capital",Pre-Series A,2020-05-23,1.06338
NeoTech,Logistics,Fleet Management,Hyderabad,"A91 Partners, Kedaara Capital",Series B,2021-10-30,258.16184
CloudLabs,FoodTech,Grocery,Delhi,"A91 Partners, Sequoia Capital India",Series A,2021-09-08,15.20346
SmartTech,Retail,Fashion,Ahmedabad,"Info Edge, Lightspeed India",Series B,2022-08-10,57.36504
FarmBox,Retail,Fashion,Delhi,"Prosus Ventures, Ribbit Capital",Series B,2021-08-04,665.12982
Bounce,Enterprise,Analytics,Hyderabad,Sequoia Capital India,Seed,2021-02-11,16.87996
HomeMart,AgriTech,Supply Chain,Kolkata,"Kedaara Capital, Lightspeed India",Pre-Series A,2023-07-13,6.15994
NimbusLabs,HealthTech,Telemedicine,Mumbai,Bessemer Venture Partners,Series C,2021-03-24,437.16414
SmartMart,EdTech,Test Prep,Kolkata,"A91 Partners, Falcon Edge, SoftBank Vision Fund",Seed,2022-08-09,0.68976
Ola,AgriTech,Marketplace,Noida,"Blume Ventures, Info Edge",Pre-Series A,2025-01-31,4.62714
FarmBox,Retail,E-Retail,Hyderabad,"Elevation Capital, Ribbit Capital",Series C,2022-12-03,631.0346
Dunzo,Media,Content,Gurugram,"Accel, Nexus Venture Partners",Seed,2021-10-16,0.74724
AeroHub,Media,Social,Mumbai,"Mirae Asset, Tiger Global",Pre-Series A,2021-11-08,2.99854
QuantumDrive,Retail,Fashion,Bengaluru,"Sequoia Capital India, Y Combinator",Series D,2024-04-16,518.4696
AgriFit,FoodTech,Food Delivery,Noida,"LCatterton, Mirae Asset",Series B,2023-01-23,596.02928
SkillFlow,FinTech,InsurTech,Pune,"Kedaara Capital, Zodius Capital",Series B,2024-06-22,98.15668
FreshSolutions,Mobility,Ride Sharing,Chennai,Accel,Series A,2023-09-19,57.61412
DriveLoop,Consumer Electronics,Audio,Bengaluru,Info Edge,Seed,2021-11-01,1.51364
BlueSpace,FoodTech,Food Delivery,Chennai,"A91 Partners, Sequoia Capital India",Seed,2020-06-16,3.26678
NextFlow,E-commerce,Quick Commerce,Bengaluru,Ribbit Capital,Bridge,2021-02-12,3.60208
MediWorks,RealEstate,PropTech,Ahmedabad,"Matrix Partners India, Omidyar Network, Y Combinator",Bridge,2022-08-10,0.94842
Porter,Retail,E-Retail,Hyderabad,A91 Partners,Seed,2020-02-22,17.12904
UrbanSolutions,Media,Social,Mumbai,"Elevation Capital, Kedaara Capital, Matrix Partners India",Series A,2024-08-28,78.16322
Housejoy,Retail,Fashion,Bengaluru,"Falcon Edge, SoftBank Vision Fund, Y Combinator",Seed,2022-05-27,15.328
QuantumDrive,E-commerce,Fashion,Pune,"Info Edge, Kedaara Capital",Series B,2024-08-24,572.5487
SkillFlow,Mobility,EV,Kolkata,"IFC, Matrix Partners India",Series A,2024-02-06,48.36942
Unacademy,Logistics,Supply Chain,Gurugram,"Prosus Ventures, SoftBank Vision Fund",Series C,2023-03-13,2325.96652
NimbusLabs,HealthTech,Health Analytics,Gurugram,Elevation Capital,Pre-Series A,2021-06-13,1.17834
SkillSolutions,Mobility,Ride Sharing,Mumbai,"A91 Partners, Matrix Partners India",Seed,2022-04-12,0.98674
FarmBox,Consumer Electronics,Wearables,Bengaluru,"Elevation Capital, Prosus Ventures",Seed,2021-03-29,0.56522
Nykaa,Consumer Electronics,Smart Home,Noida,"Kedaara Capital, SoftBank Vision Fund",Seed,2024-03-07,1.59028
SkillFlow,EdTech,Test Prep,Gurugram,"Peak XV, Prosus Ventures",Seed,2024-03-01,2.0118
CloudLabs,Consumer Electronics,Wearables,Ahmedabad,"Accel, Elevation Capital",Bridge,2022-12-10,1.30288
CloudLabs,SaaS,DevTools,Hyderabad,Elevation Capital,Pre-Seed,2022-12-29,1.2933
Udaan,Mobility,EV,Delhi,"Accel, Sequoia Capital India",Series B,2024-03-21,128.79352
HealthAnalytics,Consumer Electronics,Wearables,Delhi,"Accel, Tiger Global",Bridge,2021-06-01,1.35078
NeoLabs,RealEstate,Rental Tech,Bengaluru,"Accel, Peak XV",Seed,2024-07-19,3.5446
LogiMart,Retail,Grocery,Ahmedabad,Bessemer Venture Partners,Series A,2023-06-20,14.0347
QuantumAnalytics,Consumer Electronics,Wearables,Ahmedabad,"Omidyar Network, Ribbit Capital",Debt,2021-09-17,140.1075
Practo,Retail,E-Retail,Gurugram,Matrix Partners India,Seed,2020-06-15,0.63228
Dunzo,HealthTech,Telemedicine,Chennai,"Elevation Capital, Matrix Partners India",Series A,2023-05-01,138.68966
HealthAnalytics,Consumer Electronics,Audio,Gurugram,"Bessemer Venture Partners, Lightspeed India, Omidyar Network",Angel,2024-06-01,0.48858
Porter,Mobility,Ride Sharing,Delhi,Tiger Global,Angel,2024-08-19,0.08622
Dream11,Retail,Grocery,Ahmedabad,Info Edge,Series B,2023-03-11,48.63766
InMobi,Media,Content,Chennai,"Accel, Mirae Asset",Bridge,2022-10-21,9.69496
Razorpay,FoodTech,Grocery,Pune,Lightspeed India,Series A,2020-02-22,64.97156
DataAnalytics,RealEstate,Home Services,Ahmedabad,Mirae Asset,Pre-Seed,2024-03-28,1.02506
Ola,Logistics,Last Mile,Ahmedabad,"Mirae Asset, Tiger Global Management",Series A,2024-07-25,77.34892
Freshworks,SaaS,HRTech,Mumbai,"Elevation Capital, Kedaara Capital",Series D,2021-11-06,568.0461
FoodFit,Mobility,Ride Sharing,Kolkata,Nexus Venture Partners,Seed,2021-05-31,1.80104
CoreConnect,Enterprise,Analytics,Noida,Falcon Edge,Series A,2020-04-21,13.11502
Chargebee,RealEstate,Home Services,Bengaluru,Peak XV,Seed,2023-01-29,11.56306
Dailyhunt,Media,Content,Mumbai,"Bessemer Venture Partners, Kedaara Capital",Pre-Seed,2023-07-14,0.80472
FreshTech,Mobility,EV,Mumbai,Info Edge,Seed,2024-09-19,1.61902
Housejoy,RealEstate,PropTech,Kolkata,"Kalaari Capital, Kedaara Capital",Angel,2021-08-20,0.05748
AgriHive,EdTech,Coding Bootcamp,Noida,"Falcon Edge, IFC",Seed,2021-01-25,1.50406
CRED,Logistics,Supply Chain,Pune,Zodius Capital,Angel,2022-11-05,0.12454
HealthAnalytics,Enterprise,Automation,Ahmedabad,Info Edge,Debt,2022-09-29,89.2377
AgriHive,Mobility,Micro Mobility,Chennai,Tiger Global Management,Series A,2021-10-21,53.84918
MediWorks,EdTech,Coding Bootcamp,Bengaluru,"LCatterton, Tiger Global Management, Y Combinator",Seed,2022-08-26,12.63602
WorkPay,FinTech,Lending,Noida,IFC,Bridge,2021-11-10,2.7303
Dailyhunt,E-commerce,Grocery,Kolkata,"IFC, Tiger Global Management",Pre-Seed,2020-10-22,0.24908
Dunzo,Consumer Electronics,Wearables,Pune,"Accel, Prosus Ventures, SoftBank Vision Fund",Series A,2022-03-25,66.102
QuantumAnalytics,RealEstate,Rental Tech,Kolkata,"Ribbit Capital, Tiger Global",Growth,2020-03-14,3566.91182
SmartTech,Media,Social,Chennai,"Accel, Blume Ventures, Kedaara Capital",Bridge,2024-04-06,3.79368
Delhivery,FinTech,Payments,Pune,Y Combinator,Series C,2021-08-23,1545.69468
GreenConnect,FoodTech,Grocery,Delhi,"IFC, Ribbit Capital",Seed,2020-06-10,2.96022
MediWorks,AgriTech,Supply Chain,Gurugram,"Matrix Partners India, Sequoia Capital India",Series A,2021-06-04,39.46002
InMobi,Logistics,Fleet Management,Noida,Tiger Global Management,Seed,2022-06-23,2.31836
Delhivery,RealEstate,Home Services,Hyderabad,Tiger Global Management,Series A,2021-09-10,10.26018
AgriHive,FoodTech,Grocery,Pune,Sequoia Capital India,Series A,2023-12-03,12.82762
AutoMart,AgriTech,Marketplace,Bengaluru,"LCatterton, Zodius Capital",Angel,2024-03-06,0.0479
HomeFoods,SaaS,DevTools,Gurugram,"Nexus Venture Partners, Prosus Ventures, Ventures India",Series A,2023-10-20,53.68632
Wakefit,RealEstate,Rental Tech,Bengaluru,Omidyar Network,Seed,2022-06-21,1.52322
LogiSense,Logistics,Supply Chain,Chennai,"IFC, Y Combinator",Seed,2020-09-27,3.12308
AeroAnalytics,Enterprise,Analytics,Hyderabad,"Elevation Capital, Tiger Global Management",Angel,2025-04-17,0.72808
BlueSpace,Consumer Electronics,Audio,Delhi,"Kedaara Capital, Tiger Global Management",Series C,2021-04-07,376.34072
Mobikwik,E-commerce,Fashion,Bengaluru,"Ventures India, Y Combinator",Seed,2020-09-10,2.17466
CureFit,AgriTech,Smart Farming,Pune,"IFC, Sequoia Capital India",Seed,2021-04-23,7.77896
NeoSense,EdTech,Test Prep,Kolkata,"Kalaari Capital, Nexus Venture Partners, Peak XV",Angel,2021-09-10,0.0958
Oyo,Consumer Electronics,Audio,Mumbai,Kalaari Capital,Seed,2023-01-05,0.63228
Nykaa,RealEstate,Rental Tech,Noida,"Accel, Blume Ventures, Kalaari Capital",Pre-Series A,2024-02-29,1.8681
NeoLabs,Logistics,Last Mile,Pune,IFC,Seed,2022-06-29,0.87178
Practo,RealEstate,Home Services,Noida,Tiger Global,Angel,2023-08-13,0.77598
SkillSolutions,E-commerce,Fashion,Mumbai,"Bessemer Venture Partners, Omidyar Network, Sequoia Capital India",Series B,2023-08-07,450.20252
HomeMart,Retail,Fashion,Gurugram,Lightspeed India,Seed,2024-04-16,4.95286
PharmEasy,SaaS,DevTools,Ahmedabad,Tiger Global Management,Pre-Seed,2024-10-24,1.42742
AutoStack,E-commerce,Quick Commerce,Delhi,Omidyar Network,Pre-Seed,2024-06-05,1.21666
PhonePe,HealthTech,Pharmacy,Bengaluru,"Accel, Tiger Global",Seed,2022-05-12,0.958
EduMart,Mobility,Micro Mobility,Mumbai,"Bessemer Venture Partners, Tiger Global",Series A,2021-03-29,107.42054
Oyo,Consumer Electronics,Smart Home,Bengaluru,"Accel, Info Edge",Seed,2022-09-07,3.50628
Ola,E-commerce,Quick Commerce,Pune,Elevation Capital,Series A,2020-05-14,85.3099
NeoSense,AgriTech,Marketplace,Hyderabad,"Accel, Kedaara Capital",Series A,2023-05-24,108.45518
GreenEdge,EdTech,Coding Bootcamp,Pune,"Kedaara Capital, SoftBank Vision Fund",Series C,2022-03-27,453.31602
HyperLabs,SaaS,DevTools,Kolkata,Accel,Seed,2024-08-30,0.7185
Wakefit,Media,Streaming,Pune,Omidyar Network,Series C,2023-02-13,355.19766
FreshBox,FoodTech,Food Delivery,Chennai,Tiger Global Management,Growth,2024-01-16,1478.61552
FreshTech,AgriTech,Marketplace,Gurugram,IFC,Seed,2022-09-14,9.79076
NextFlow,SaaS,B2B SaaS,Hyderabad,"Tiger Global Management, Zodius Capital",Series A,2024-07-11,98.54946
GrowthFlow,RealEstate,Rental Tech,Hyderabad,"LCatterton, Ventures India, Y Combinator",Pre-Seed,2021-07-13,0.1916
BlueTech,AgriTech,Marketplace,Chennai,"Accel, Falcon Edge, Tiger Global Management",Seed,2024-02-26,3.15182
UrbanSolutions,SaaS,DevTools,Pune,"IFC, Omidyar Network",Seed,2021-10-26,2.23214
HyperLoop,AgriTech,Supply Chain,Mumbai,"Info Edge, Mirae Asset",Seed,2023-09-17,1.08254
SkillFlow,Mobility,Ride Sharing,Pune,"Mirae Asset, Prosus Ventures",Pre-Series A,2021-08-03,1.26456
FarmFit,AgriTech,Supply Chain,Bengaluru,Ventures India,Seed,2025-04-20,1.66692
CloudSolutions,E-commerce,Quick Commerce,Kolkata,Y Combinator,Series B,2020-12-25,654.19904
HomeFoods,Enterprise,Automation,Pune,"LCatterton, Sequoia Capital India, Tiger Global",Seed,2024-10-30,1.5807
HyperLabs,AgriTech,Smart Farming,Chennai,Tiger Global Management,Seed,2022-04-09,3.24762
Lenskart,Retail,Fashion,Kolkata,Accel,Series D,2025-02-26,2417.43636
AeroStack,AgriTech,Smart Farming,Noida,Ventures India,Seed,2024-11-17,1.82978
HomeAnalytics,HealthTech,Telemedicine,Noida,"Bessemer Venture Partners, Lightspeed India",Series B,2022-12-22,708.7284
NextFlow,Enterprise,Automation,Delhi,Lightspeed India,Seed,2020-10-26,16.67878
HyperLoop,RealEstate,PropTech,Delhi,"A91 Partners, Mirae Asset",Bridge,2023-07-10,1.21666
EduMart,AgriTech,Marketplace,Ahmedabad,"Info Edge, Mirae Asset, SoftBank Vision Fund",Seed,2025-06-11,2.99854
Oyo,Retail,Grocery,Ahmedabad,SoftBank Vision Fund,Seed,2022-11-05,1.45616
EduBox,SaaS,HRTech,Mumbai,Omidyar Network,Series B,2025-06-24,105.51412
ClearDekho,FoodTech,Food Delivery,Ahmedabad,"Info Edge, LCatterton, Zodius Capital",Series A,2024-06-09,10.5859
FinFoods,Consumer Electronics,Smart Home,Delhi,Zodius Capital,Bridge,2022-07-11,4.54092
DataHive,E-commerce,Grocery,Delhi,"Falcon Edge, Tiger Global Management",Pre-Seed,2023-12-20,0.61312
NextSense,Logistics,Supply Chain,Chennai,"Ribbit Capital, Tiger Global",Series C,2023-10-22,220.26336
WorkStack,E-commerce,Grocery,Chennai,"Nexus Venture Partners, Omidyar Network, Tiger Global Management",Seed,2024-01-22,1.3412
HealthRise,HealthTech,Pharmacy,Hyderabad,"Kalaari Capital, Omidyar Network, Peak XV",Bridge,2023-12-01,13.66108
FreshTech,RealEstate,Home Services,Delhi,"Accel, LCatterton, Tiger Global Management",Series B,2024-08-24,93.0697
Innovaccer,Mobility,EV,Bengaluru,SoftBank Vision Fund,Pre-Series A,2021-01-04,1.3412
Myntra,EdTech,K12,Delhi,Falcon Edge,Seed,2021-08-28,2.91232
GrowthConnect,Retail,Fashion,Delhi,Blume Ventures,Series A,2020-11-11,138.22024
Dream11,Media,Content,Bengaluru,"Elevation Capital, Info Edge, Matrix Partners India",Pre-Series A,2023-10-17,1.6765
EduMart,EdTech,UpSkilling,Kolkata,Prosus Ventures,Angel,2021-02-01,0.35446
Dailyhunt,Consumer Electronics,Wearables,Chennai,Zodius Capital,Series A,2022-05-07,75.35628
FinSense,FinTech,InsurTech,Pune,"Elevation Capital, IFC, Zodius Capital",Series A,2020-07-29,18.23074
BharatPe,Logistics,Supply Chain,Noida,Peak XV,Seed,2022-06-14,7.03172
HomeAnalytics,SaaS,B2B SaaS,Chennai,Matrix Partners India,Seed,2022-10-25,1.85852
HealthRise,FinTech,WealthTech,Mumbai,Bessemer Venture Partners,Series D,2023-08-24,2054.1915
FinSense,Enterprise,Security,Delhi,"LCatterton, Omidyar Network",Series C,2022-08-18,1065.33432
PhonePe,Logistics,Last Mile,Delhi,"Accel, Falcon Edge",Series A,2024-01-29,40.87786
SmartTech,E-commerce,Quick Commerce,Gurugram,"Accel, Info Edge",Pre-Series A,2024-06-13,1.17834
Chargebee,AgriTech,Marketplace,Bengaluru,Kedaara Capital,Series B,2023-03-23,485.44734
Cars24,FoodTech,Cloud Kitchen,Ahmedabad,"Blume Ventures, Prosus Ventures",Pre-Series A,2023-03-14,2.00222
ShareChat,E-commerce,Grocery,Noida,"IFC, Sequoia Capital India",Series A,2022-11-05,15.87406
FarmFit,SaaS,HRTech,Bengaluru,Matrix Partners India,Pre-Series A,2020-05-18,1.0538
Zomato,Retail,Fashion,Pune,"Ribbit Capital, SoftBank Vision Fund",Seed,2021-12-22,4.23436
SmartMart,Consumer Electronics,Smart Home,Delhi,"Bessemer Venture Partners, Elevation Capital, Info Edge",Series C,2020-05-09,1200.24946
FarmFit,FinTech,WealthTech,Hyderabad,"Mirae Asset, Sequoia Capital India",Series A,2024-07-27,10.02068
FinFoods,Enterprise,Analytics,Pune,Info Edge,Seed,2024-06-25,3.17098
FoodFit,FoodTech,Food Delivery,Delhi,Peak XV,Series A,2022-10-15,17.69426
NextStack,Media,Content,Mumbai,A91 Partners,Series A,2024-08-11,54.97004
AgriSense,SaaS,HRTech,Hyderabad,"Blume Ventures, Info Edge",Series A,2024-01-09,15.36632
EduMart,Enterprise,Security,Ahmedabad,"Peak XV, Tiger Global, Tiger Global Management",Debt,2021-07-16,70.1735
CoreConnect,Retail,Fashion,Delhi,"Info Edge, Prosus Ventures",Bridge,2020-10-19,1.99264
FreshSolutions,Retail,Fashion,Pune,"Nexus Venture Partners, Sequoia Capital India",Pre-Series A,2025-04-28,8.27712
EduBox,SaaS,MarTech,Mumbai,Kalaari Capital,Series A,2022-12-20,13.90058
QuantumSolutions,E-commerce,Quick Commerce,Delhi,"Bessemer Venture Partners, Nexus Venture Partners",Series A,2022-03-03,24.12244
EduMart,AgriTech,Smart Farming,Kolkata,Info Edge,Seed,2020-10-04,0.72808
Ola,E-commerce,D2C,Pune,Elevation Capital,Series B,2023-01-31,621.9815
NextSense,Media,Streaming,Delhi,Nexus Venture Partners,Series C,2022-11-07,2061.70222
CloudPay,EdTech,Coding Bootcamp,Bengaluru,Mirae Asset,Pre-Series A,2023-03-18,1.73398
LogiSense,E-commerce,Quick Commerce,Hyderabad,"Kalaari Capital, Mirae Asset",Pre-Series A,2024-01-08,4.37806
Groww,HealthTech,Pharmacy,Mumbai,"IFC, SoftBank Vision Fund",Series A,2023-10-24,87.59952
BlueTech,HealthTech,Health Analytics,Noida,Falcon Edge,Angel,2020-04-23,0.24908
Oyo,HealthTech,Diagnostics,Pune,Peak XV,Angel,2021-04-06,0.22992
HealthAnalytics,Logistics,Last Mile,Noida,Omidyar Network,Seed,2023-07-04,1.16876
Bounce,Mobility,Micro Mobility,Delhi,Blume Ventures,Series A,2023-04-04,12.32946
BlueSpace,AgriTech,Supply Chain,Bengaluru,"Bessemer Venture Partners, Lightspeed India, Matrix Partners India",Seed,2025-04-26,13.11502
SkillRise,FinTech,InsurTech,Noida,Mirae Asset,Seed,2025-05-13,13.2683
CoreConnect,E-commerce,Quick Commerce,Delhi,"Lightspeed India, Omidyar Network",Series A,2022-09-18,53.20732
HyperLabs,SaaS,HRTech,Chennai,"A91 Partners, SoftBank Vision Fund",Seed,2022-01-28,1.6765
InMobi,E-commerce,D2C,Kolkata,Elevation Capital,Seed,2020-07-17,1.73398
AeroHub,FoodTech,Cloud Kitchen,Delhi,"Blume Ventures, Kedaara Capital",Series C,2025-03-27,1368.3114
NextSense,Mobility,EV,Kolkata,Accel,Growth,2022-10-15,5111.38984
DriveFit,EdTech,K12,Ahmedabad,Mirae Asset,Pre-Series A,2020-04-13,7.38618
CoreSpace,FinTech,Payments,Chennai,"Kalaari Capital, Tiger Global, Y Combinator",Seed,2021-06-25,8.50704
Udaan,AgriTech,Marketplace,Gurugram,Kalaari Capital,Pre-Series A,2021-08-14,4.20562
EduBox,Logistics,Fleet Management,Ahmedabad,Kalaari Capital,Seed,2025-06-19,0.65144
BlueSpace,SaaS,DevTools,Gurugram,Tiger Global,Series A,2022-04-02,14.83942
WorkStack,Mobility,EV,Delhi,SoftBank Vision Fund,Series A,2022-11-21,109.18326
FoodLoop,AgriTech,Marketplace,Hyderabad,"Falcon Edge, Kedaara Capital",Series A,2022-11-04,49.49986
Delhivery,Consumer Electronics,Audio,Pune,"Bessemer Venture Partners, Omidyar Network",Seed,2020-08-12,0.49816
GrowthFlow,Logistics,Fleet Management,Ahmedabad,Omidyar Network,Series A,2024-01-17,12.60728
Lenskart,Mobility,Micro Mobility,Ahmedabad,Zodius Capital,Series C,2022-02-17,1155.40548
HomeMart,Media,Social,Gurugram,"Nexus Venture Partners, Prosus Ventures",Pre-Seed,2021-10-04,0.1916
Flipkart,Mobility,Micro Mobility,Kolkata,"Lightspeed India, Nexus Venture Partners, Tiger Global",Growth,2024-02-15,732.21856
NeoSense,Consumer Electronics,Smart Home,Chennai,"LCatterton, SoftBank Vision Fund",Seed,2020-12-20,3.63082
AgriFit,Enterprise,Automation,Hyderabad,Elevation Capital,Series A,2021-01-28,62.38496
Delhivery,EdTech,UpSkilling,Hyderabad,"A91 Partners, Mirae Asset",Series B,2023-11-14,291.9984
SkillSolutions,AgriTech,Marketplace,Noida,"Peak XV, Zodius Capital",Pre-Series A,2025-06-30,1.60944
GreenConnect,Logistics,Fleet Management,Mumbai,"Lightspeed India, Matrix Partners India, Mirae Asset",Seed,2022-06-24,6.62936
SkillFlow,Media,Content,Delhi,"Matrix Partners India, Tiger Global",Seed,2024-02-26,1.1496
Zepto,RealEstate,PropTech,Bengaluru,"Mirae Asset, Nexus Venture Partners, Prosus Ventures",Seed,2021-11-07,1.59028
NextSense,Consumer Electronics,Wearables,Gurugram,Elevation Capital,Series C,2021-08-11,1446.56084
HealthWorks,E-commerce,Grocery,Gurugram,LCatterton,Series A,2024-01-20,55.64064
NoBroker,FoodTech,Cloud Kitchen,Bengaluru,"Blume Ventures, Ventures India",Debt,2022-03-24,187.6722
Cars24,FinTech,Payments,Hyderabad,Elevation Capital,Series A,2020-08-07,56.8573
NimbusLabs,HealthTech,Health Analytics,Hyderabad,Blume Ventures,Seed,2020-08-18,3.89906
LogiRise,Media,Social,Bengaluru,A91 Partners,Series B,2024-06-07,62.10714
CloudLabs,Enterprise,Automation,Chennai,Accel,Series C,2022-11-21,518.63246
Wakefit,HealthTech,Diagnostics,Kolkata,Matrix Partners India,Seed,2021-05-23,1.27414
FinSpace,Logistics,Supply Chain,Hyderabad,Matrix Partners India,Series A,2023-03-19,18.54688
ShareChat,Media,Social,Bengaluru,Blume Ventures,Series B,2022-08-11,711.14256
AeroAnalytics,Media,Content,Mumbai,Y Combinator,Series B,2025-04-10,142.4546
HomeAnalytics,HealthTech,Health Analytics,Delhi,Kalaari Capital,Series A,2023-05-25,107.27684
CoreSpace,Retail,Fashion,Gurugram,"Accel, IFC",Series C,2023-10-25,1058.45588
EduMart,SaaS,B2B SaaS,Ahmedabad,"LCatterton, Lightspeed India",Seed,2024-08-24,8.98604
WorkPay,Enterprise,Automation,Kolkata,"Accel, Falcon Edge, Omidyar Network",Seed,2021-02-24,3.05602
NimbusMart,Mobility,EV,Kolkata,"Prosus Ventures, SoftBank Vision Fund",Series A,2023-02-18,45.6966
DataAnalytics,Enterprise,Analytics,Gurugram,"SoftBank Vision Fund, Tiger Global",Series A,2020-04-02,36.3561
HealthWorks,E-commerce,Fashion,Bengaluru,Ventures India,Seed,2021-01-03,0.98674
QuantumDrive,FoodTech,Food Delivery,Chennai,"IFC, Nexus Venture Partners",Pre-Series A,2023-10-30,5.05824
Housejoy,HealthTech,Health Analytics,Noida,Zodius Capital,Seed,2025-06-27,1.35078
DataAnalytics,Consumer Electronics,Smart Home,Noida,Matrix Partners India,Pre-Series A,2022-02-15,1.01548
FoodSolutions,EdTech,Test Prep,Bengaluru,"IFC, Ventures India",Series C,2022-05-08,1100.34922
PhonePe,EdTech,K12,Mumbai,"Kedaara Capital, Omidyar Network",Seed,2020-03-09,0.91968
Postman,EdTech,Test Prep,Chennai,Ventures India,Series A,2023-01-10,122.29828
NimbusMart,Logistics,Last Mile,Ahmedabad,"IFC, Matrix Partners India, Zodius Capital",Seed,2023-05-09,16.16146
HomeAnalytics,Logistics,Last Mile,Noida,"Info Edge, LCatterton, Ribbit Capital",Bridge,2024-12-06,13.99638
NimbusLabs,SaaS,MarTech,Noida,"Nexus Venture Partners, Y Combinator",Seed,2022-05-02,1.87768
FarmBox,EdTech,UpSkilling,Delhi,A91 Partners,Series C,2025-02-16,199.7909
SkillRise,HealthTech,Health Analytics,Gurugram,"Accel, Info Edge, Y Combinator",Seed,2021-11-07,14.7053
FinFoods,FoodTech,Grocery,Ahmedabad,Blume Ventures,Series A,2024-11-24,30.54104
GreenEdge,Enterprise,Security,Hyderabad,Peak XV,Bridge,2020-02-01,16.94702
Housejoy,Media,Content,Gurugram,Kalaari Capital,Series B,2023-12-12,692.86392
MediWorks,Retail,Grocery,Chennai,SoftBank Vision Fund,Series A,2023-08-21,96.50892
ShareChat,Mobility,EV,Kolkata,"SoftBank Vision Fund, Ventures India",Seed,2024-01-19,1.41784
CoreFlow,FoodTech,Cloud Kitchen,Ahmedabad,Sequoia Capital India,Growth,2024-02-27,1323.44826
SkillRise,EdTech,UpSkilling,Gurugram,Mirae Asset,Pre-Series A,2024-09-02,6.8018
BlueSpace,Enterprise,Security,Kolkata,Blume Ventures,Series A,2024-02-09,22.59922
NeoLabs,Mobility,Micro Mobility,Bengaluru,Peak XV,Series A,2024-09-14,15.15556
Postman,Retail,E-Retail,Chennai,Tiger Global,Seed,2023-07-15,3.7362
WorkPay,Mobility,EV,Pune,"LCatterton, Peak XV, Prosus Ventures",Seed,2023-07-30,15.1364
PhonePe,FinTech,NeoBank,Noida,"Falcon Edge, Kedaara Capital",Pre-Series A,2020-02-04,4.76126
SmartTech,Enterprise,Automation,Chennai,Accel,Series C,2025-02-06,897.09994
Wakefit,Mobility,Ride Sharing,Gurugram,Zodius Capital,Seed,2022-12-14,0.68976
NextStack,E-commerce,D2C,Chennai,"IFC, Lightspeed India, Prosus Ventures",Series A,2021-05-13,50.65904
GreenMart,FoodTech,Food Delivery,Noida,Kedaara Capital,Series A,2023-07-28,139.87758
WorkFit,FoodTech,Grocery,Pune,LCatterton,Series A,2024-10-23,13.99638
Razorpay,EdTech,K12,Ahmedabad,Prosus Ventures,Series A,2020-04-05,38.9906
QuantumSolutions,AgriTech,Marketplace,Bengaluru,Sequoia Capital India,Seed,2024-10-07,12.18576
FarmTech,Retail,Fashion,Chennai,A91 Partners,Angel,2021-09-04,0.44068
UrbanDrive,Mobility,EV,Chennai,"Falcon Edge, Kedaara Capital, Tiger Global Management",Series C,2020-10-13,1265.17312
Udaan,E-commerce,Fashion,Gurugram,"Peak XV, Ventures India",Series D,2021-11-28,2414.45698
AutoMart,SaaS,B2B SaaS,Hyderabad,"A91 Partners, Lightspeed India",Series C,2022-07-11,507.2131
UrbanSolutions,RealEstate,Rental Tech,Chennai,Bessemer Venture Partners,Seed,2023-06-20,1.41784
Groww,E-commerce,D2C,Delhi,"Blume Ventures, Kalaari Capital, Y Combinator",Pre-Series A,2024-05-24,6.1791
Bounce,FinTech,WealthTech,Kolkata,Nexus Venture Partners,Pre-Series A,2021-07-06,6.18868
DataEdge,Mobility,Micro Mobility,Noida,Y Combinator,Pre-Series A,2020-02-23,7.05088
Bounce,AgriTech,Marketplace,Pune,Kalaari Capital,Growth,2020-01-26,5333.665
WorkFit,Mobility,Ride Sharing,Ahmedabad,"Blume Ventures, Matrix Partners India",Series A,2023-11-04,38.26252
NextStack,E-commerce,Marketplace,Chennai,"Bessemer Venture Partners, Y Combinator",Seed,2021-09-05,3.04644
LogiMart,Consumer Electronics,Smart Home,Ahmedabad,Elevation Capital,Seed,2020-08-07,9.101
AutoMart,AgriTech,Smart Farming,Pune,"Nexus Venture Partners, SoftBank Vision Fund, Tiger Global Management",Series A,2022-05-31,55.68854
CloudPay,HealthTech,Health Analytics,Pune,"A91 Partners, Matrix Partners India, Mirae Asset",Seed,2023-11-24,6.38028
UrbanSolutions,Retail,Grocery,Pune,Omidyar Network,Seed,2023-02-28,9.02436
BlueTech,Mobility,Ride Sharing,Kolkata,"Bessemer Venture Partners, Zodius Capital",Bridge,2021-03-05,12.77014
CRED,Enterprise,Security,Kolkata,Matrix Partners India,Seed,2021-09-12,1.66692
HyperLoop,Retail,Grocery,Mumbai,"Falcon Edge, Omidyar Network",Series A,2023-05-09,26.4887
QuantumDrive,Retail,Grocery,Noida,Accel,Series A,2025-02-15,12.3582
LogiMart,SaaS,DevTools,Ahmedabad,"Ribbit Capital, SoftBank Vision Fund, Tiger Global Management",Pre-Seed,2023-08-14,0.72808
Paytm,E-commerce,Quick Commerce,Mumbai,"A91 Partners, Falcon Edge, Omidyar Network",Seed,2022-11-11,0.54606
EduMart,Consumer Electronics,Smart Home,Ahmedabad,Tiger Global Management,Series B,2020-11-04,174.17398
AgriHive,FoodTech,Cloud Kitchen,Mumbai,Y Combinator,Series D,2024-02-04,1671.01066
DataHive,EdTech,Coding Bootcamp,Pune,"Elevation Capital, Kedaara Capital, SoftBank Vision Fund",Series A,2022-06-16,20.81734
Porter,FinTech,WealthTech,Mumbai,"Blume Ventures, Matrix Partners India",Series B,2020-12-02,246.47424
DriveLoop,EdTech,Coding Bootcamp,Delhi,"Kalaari Capital, Ventures India",Seed,2023-09-08,0.53648
BlueRise,FoodTech,Food Delivery,Bengaluru,Ventures India,Series B,2021-02-25,53.13068
Byju's,AgriTech,Supply Chain,Noida,Info Edge,Seed,2021-10-29,9.9632
CureFit,RealEstate,Home Services,Noida,Kalaari Capital,Bridge,2021-10-03,1.81062
Porter,SaaS,HRTech,Kolkata,"Elevation Capital, Kedaara Capital, Omidyar Network",Series A,2024-07-24,13.51738
WorkFit,SaaS,B2B SaaS,Gurugram,Kedaara Capital,Seed,2021-01-09,3.28594
UrbanDrive,HealthTech,Health Analytics,Chennai,"Kedaara Capital, Ribbit Capital",Seed,2023-07-25,8.20048
NoBroker,Mobility,Ride Sharing,Kolkata,Zodius Capital,Seed,2021-01-18,1.06338
Udaan,Enterprise,Security,Bengaluru,"Falcon Edge, Tiger Global Management",Series A,2021-02-03,51.75116
NimbusLabs,Consumer Electronics,Wearables,Kolkata,"Sequoia Capital India, Ventures India",Series A,2020-06-18,12.0708
Cars24,FinTech,WealthTech,Gurugram,"A91 Partners, Bessemer Venture Partners",Series A,2020-12-10,11.017
NimbusLabs,E-commerce,Grocery,Mumbai,A91 Partners,Seed,2023-01-17,3.4009
Razorpay,Retail,Fashion,Kolkata,Ventures India,Series A,2022-05-20,41.42392
LogiMart,FinTech,InsurTech,Hyderabad,Info Edge,Seed,2024-07-30,5.0295
Housejoy,Retail,E-Retail,Gurugram,"Kedaara Capital, Ribbit Capital, Y Combinator",Series C,2023-04-19,1368.81914
Dream11,AgriTech,Supply Chain,Gurugram,A91 Partners,Series C,2024-07-07,2692.0758
QuantumSolutions,HealthTech,Pharmacy,Hyderabad,"Prosus Ventures, Tiger Global Management",Seed,2021-07-01,3.21888
Wakefit,HealthTech,Health Analytics,Bengaluru,"IFC, Matrix Partners India, Nexus Venture Partners",Debt,2024-11-10,7.12752
AgriSense,Retail,Fashion,Chennai,"Info Edge, Kalaari Capital, Matrix Partners India",Series A,2023-03-28,82.52212
Bounce,FoodTech,Grocery,Hyderabad,Info Edge,Series B,2024-12-01,101.5001
Myntra,SaaS,B2B SaaS,Mumbai,"Prosus Ventures, Tiger Global, Y Combinator",Series B,2022-07-27,161.77746
AutoMart,FoodTech,Cloud Kitchen,Kolkata,SoftBank Vision Fund,Seed,2024-08-23,0.64186
LogiSense,Consumer Electronics,Wearables,Bengaluru,"Peak XV, Sequoia Capital India",Pre-Seed,2023-07-06,0.20118
NextSense,FinTech,InsurTech,Gurugram,IFC,Debt,2025-02-05,379.77036
Oyo,HealthTech,Pharmacy,Mumbai,Y Combinator,Series B,2021-05-27,486.35744
Dream11,FinTech,InsurTech,Hyderabad,Info Edge,Series B,2024-03-26,329.89688
Bounce,Media,Social,Bengaluru,Omidyar Network,Seed,2020-06-08,2.16508
Ola,FinTech,Payments,Pune,"Kedaara Capital, Mirae Asset",Series C,2024-10-27,306.33966
HomeFoods,Media,Social,Mumbai,Nexus Venture Partners,Seed,2024-12-09,0.85262
HyperSpace,RealEstate,PropTech,Mumbai,"Info Edge, Ribbit Capital",Series A,2020-01-18,18.86302
Meesho,RealEstate,Rental Tech,Delhi,"Info Edge, LCatterton, Lightspeed India",Angel,2023-06-15,0.24908
FinSense,AgriTech,Marketplace,Chennai,Bessemer Venture Partners,Pre-Series A,2022-05-29,4.96244
LogiMart,E-commerce,Marketplace,Noida,"Elevation Capital, Peak XV",Series A,2024-01-16,57.25966
GrowthFlow,RealEstate,Home Services,Gurugram,Ventures India,Series A,2022-11-09,20.44372
Urban Company,RealEstate,PropTech,Gurugram,Mirae Asset,Series A,2020-08-18,127.16492
Groww,Mobility,Ride Sharing,Pune,"A91 Partners, IFC",Angel,2020-09-27,0.44068
Mobikwik,Mobility,Micro Mobility,Delhi,Sequoia Capital India,Series C,2025-05-08,859.73794
CRED,FinTech,WealthTech,Gurugram,"Falcon Edge, Ribbit Capital",Pre-Seed,2020-05-03,0.78556
AeroAnalytics,FoodTech,Grocery,Chennai,"Elevation Capital, Ribbit Capital",Seed,2023-01-03,2.2513
FreshTech,EdTech,K12,Noida,"Ribbit Capital, Ventures India",Seed,2023-04-16,1.1975
FreshTech,Media,Social,Bengaluru,"Nexus Venture Partners, Omidyar Network",Seed,2025-03-08,1.78188
NimbusMart,Media,Streaming,Delhi,Kedaara Capital,Seed,2023-12-20,7.84602
BharatPe,Consumer Electronics,Wearables,Noida,"Matrix Partners India, Ventures India, Y Combinator",Series A,2024-08-11,9.9632
NextStack,E-commerce,Quick Commerce,Pune,"Kedaara Capital, Tiger Global",Series C,2021-07-11,262.36746
Dunzo,Consumer Electronics,Wearables,Noida,Blume Ventures,Pre-Series A,2022-10-20,1.06338
Zomato,AgriTech,Marketplace,Mumbai,Tiger Global,Seed,2022-11-08,0.55564
UrbanStack,Consumer Electronics,Wearables,Chennai,A91 Partners,Angel,2021-01-01,0.6227
QuantumDrive,EdTech,Coding Bootcamp,Pune,"Falcon Edge, Y Combinator",Seed,2020-06-08,6.4186
Udaan,HealthTech,Diagnostics,Noida,"Mirae Asset, Tiger Global",Debt,2025-05-07,18.24032
HealthAnalytics,Logistics,Supply Chain,Mumbai,Lightspeed India,Series A,2020-01-17,12.48274
Oyo,Media,Streaming,Gurugram,"Bessemer Venture Partners, Tiger Global Management",Series A,2023-04-26,36.26988
HomeMart,FoodTech,Cloud Kitchen,Gurugram,"IFC, Peak XV, Sequoia Capital India",Series A,2023-07-26,34.5359
UrbanSolutions,Media,Content,Mumbai,"Mirae Asset, Tiger Global",Seed,2021-05-02,0.9101
SmartCare,E-commerce,Quick Commerce,Gurugram,"Kedaara Capital, Y Combinator",Angel,2022-11-30,0.17244
WorkFit,Mobility,Ride Sharing,Chennai,Info Edge,Seed,2023-03-08,2.07886
LogiSense,Logistics,Supply Chain,Chennai,SoftBank Vision Fund,Series B,2024-02-15,264.17808
SkillFlow,EdTech,K12,Ahmedabad,Info Edge,Seed,2020-08-04,4.99118
HyperLabs,Mobility,EV,Gurugram,IFC,Series A,2022-08-06,10.83498
Bounce,HealthTech,Pharmacy,Ahmedabad,Nexus Venture Partners,Pre-Seed,2024-09-07,0.45026
LogiMart,FoodTech,Grocery,Bengaluru,Sequoia Capital India,Series B,2021-06-16,271.61216
CoreConnect,Mobility,Micro Mobility,Noida,Bessemer Venture Partners,Seed,2022-08-04,3.0656
FinSense,FinTech,Lending,Delhi,Prosus Ventures,Seed,2022-03-31,11.28524
WorkFit,Logistics,Last Mile,Bengaluru,"Info Edge, LCatterton, Nexus Venture Partners",Debt,2021-02-08,57.4321
FreshBox,Consumer Electronics,Audio,Delhi,"Kalaari Capital, Prosus Ventures, Sequoia Capital India",Angel,2022-06-06,0.07664
NoBroker,SaaS,DevTools,Delhi,Sequoia Capital India,Seed,2022-07-02,0.6227
HomeMart,Consumer Electronics,Wearables,Noida,Y Combinator,Series A,2020-06-28,54.56768
QuantumDrive,Retail,Fashion,Gurugram,"Bessemer Venture Partners, Tiger Global Management",Series B,2024-06-30,51.54998
Licious,Consumer Electronics,Smart Home,Kolkata,"Elevation Capital, SoftBank Vision Fund",Seed,2023-03-04,4.15772
GrowthFlow,EdTech,Test Prep,Hyderabad,"Omidyar Network, Y Combinator",Seed,2022-08-24,15.36632
PharmEasy,HealthTech,Telemedicine,Gurugram,"LCatterton, Zodius Capital",Series B,2021-06-29,236.1949
NimbusMart,EdTech,Coding Bootcamp,Pune,Blume Ventures,Angel,2024-09-27,0.15328
FoodLoop,Media,Content,Ahmedabad,Peak XV,Pre-Seed,2023-12-05,0.84304
SmartCare,EdTech,Coding Bootcamp,Noida,Accel,Seed,2022-10-01,2.59618
PharmEasy,AgriTech,Supply Chain,Bengaluru,LCatterton,Series A,2020-01-02,41.97956
CloudPay,SaaS,DevTools,Pune,"Kedaara Capital, Nexus Venture Partners",Seed,2020-10-29,15.44296
FreshToHome,Enterprise,Automation,Pune,"Accel, Kalaari Capital, Peak XV",Bridge,2022-02-04,1.99264
Oyo,SaaS,DevTools,Delhi,"Blume Ventures, Peak XV, Ribbit Capital",Series B,2022-06-13,688.21762
Licious,EdTech,K12,Chennai,Nexus Venture Partners,Seed,2023-11-11,13.51738
Rapido,Media,Streaming,Chennai,"Omidyar Network, Sequoia Capital India",Series D,2024-04-27,751.8384
HomeAnalytics,E-commerce,Fashion,Delhi,Y Combinator,Seed,2020-06-08,0.6227
FoodLoop,E-commerce,D2C,Kolkata,Kedaara Capital,Pre-Seed,2021-03-05,0.2395
NextFlow,E-commerce,Quick Commerce,Bengaluru,"IFC, Tiger Global Management",Pre-Series A,2024-02-09,0.99632
NimbusLabs,SaaS,MarTech,Mumbai,"Prosus Ventures, Ribbit Capital",Series C,2024-06-03,247.44182
BharatPe,Consumer Electronics,Audio,Bengaluru,Peak XV,Seed,2021-10-14,5.94918
Groww,SaaS,DevTools,Chennai,"Peak XV, Tiger Global Management",Seed,2020-06-02,0.6227
BlueSpace,AgriTech,Smart Farming,Bengaluru,Omidyar Network,Series A,2023-08-31,22.72376
DriveEdge,E-commerce,D2C,Gurugram,"A91 Partners, Peak XV",Bridge,2022-04-18,10.81582
HealthAnalytics,E-commerce,Quick Commerce,Chennai,"Nexus Venture Partners, Y Combinator",Series A,2024-09-16,10.2027
DriveLoop,Enterprise,Automation,Ahmedabad,Lightspeed India,Series A,2020-07-17,86.94808
Cars24,E-commerce,Fashion,Mumbai,"Mirae Asset, Prosus Ventures",Seed,2022-03-25,1.35078
Bounce,RealEstate,Rental Tech,Chennai,"Info Edge, Y Combinator",Seed,2024-12-18,0.73766
CureFit,Consumer Electronics,Wearables,Hyderabad,"Tiger Global, Ventures India",Seed,2021-07-04,6.25574
Wakefit,E-commerce,D2C,Noida,"Lightspeed India, Tiger Global",Pre-Series A,2024-03-29,4.08108
UrbanDrive,FoodTech,Grocery,Kolkata,"Elevation Capital, Kalaari Capital",Series A,2021-04-27,103.11912
GreenMart,Mobility,Micro Mobility,Ahmedabad,"Blume Ventures, Tiger Global Management",Seed,2025-04-28,7.21374
Meesho,Retail,E-Retail,Delhi,"Info Edge, Ribbit Capital, Tiger Global Management",Pre-Seed,2020-06-09,1.21666
Swiggy,SaaS,B2B SaaS,Mumbai,"Elevation Capital, SoftBank Vision Fund",Pre-Series A,2022-03-24,1.82978
LogiRise,FinTech,NeoBank,Ahmedabad,Kalaari Capital,Series A,2022-05-09,15.49086
GreenConnect,AgriTech,Supply Chain,Mumbai,IFC,Series A,2020-07-25,73.1433
FoodSolutions,Logistics,Supply Chain,Kolkata,Blume Ventures,Series A,2022-08-26,85.1662
CoreConnect,AgriTech,Marketplace,Chennai,Prosus Ventures,Pre-Seed,2024-12-26,1.87768
Postman,Media,Content,Hyderabad,Zodius Capital,Angel,2020-02-11,0.16286
Oyo,Logistics,Supply Chain,Kolkata,Tiger Global Management,Series D,2023-11-03,1128.11206
HomeFoods,Media,Content,Pune,"Blume Ventures, Ribbit Capital",Seed,2022-05-03,8.40166
Meesho,Enterprise,Security,Kolkata,Zodius Capital,Series C,2024-11-11,482.18056
NextSense,Media,Streaming,Chennai,"IFC, Sequoia Capital India",Seed,2024-10-09,14.83942
CloudLabs,EdTech,Test Prep,Gurugram,Kedaara Capital,Pre-Seed,2020-04-13,1.37952
SkillSolutions,Consumer Electronics,Smart Home,Chennai,"Omidyar Network, Sequoia Capital India, Y Combinator",Series B,2020-09-10,157.36108
EduTech,Consumer Electronics,Smart Home,Noida,Ventures India,Seed,2020-11-30,7.64484
Bounce,Logistics,Last Mile,Chennai,"Bessemer Venture Partners, Lightspeed India",Pre-Seed,2024-10-14,1.09212
HomeAnalytics,RealEstate,PropTech,Hyderabad,IFC,Series B,2022-11-17,63.7549
MediSpace,HealthTech,Diagnostics,Ahmedabad,Omidyar Network,Series C,2021-04-03,2207.39486
BigBasket,Media,Streaming,Hyderabad,Info Edge,Pre-Series A,2022-02-10,3.0656
GreenEdge,RealEstate,Rental Tech,Ahmedabad,Falcon Edge,Pre-Series A,2020-07-28,6.42818
NimbusWorks,AgriTech,Marketplace,Hyderabad,"Tiger Global, Tiger Global Management",Seed,2020-08-09,1.56154
NeoSense,Logistics,Fleet Management,Hyderabad,LCatterton,Seed,2022-11-25,13.0288
CoreConnect,RealEstate,PropTech,Bengaluru,LCatterton,Series B,2021-08-28,140.9218
CoreConnect,FinTech,NeoBank,Ahmedabad,"Kedaara Capital, Prosus Ventures, Ribbit Capital",Series C,2021-12-03,197.30968
FarmBox,RealEstate,Home Services,Noida,"Accel, Blume Ventures, IFC",Seed,2020-12-14,13.51738
FreshSolutions,Media,Streaming,Delhi,Prosus Ventures,Bridge,2025-01-16,0.6706
HomeAnalytics,Media,Content,Chennai,Matrix Partners India,Series C,2021-11-09,454.92546
Urban Company,Consumer Electronics,Audio,Kolkata,"Omidyar Network, Ribbit Capital",Seed,2023-07-23,15.94112
CoreSpace,Mobility,Ride Sharing,Chennai,IFC,Series A,2022-04-26,125.70876
WorkPay,EdTech,UpSkilling,Chennai,"IFC, Nexus Venture Partners",Debt,2025-01-02,33.80782
BlueTech,Consumer Electronics,Wearables,Delhi,Info Edge,Seed,2020-04-28,4.92412
FarmTech,HealthTech,Diagnostics,Kolkata,Nexus Venture Partners,Series C,2024-05-15,645.36628
DriveEdge,FoodTech,Food Delivery,Kolkata,"Lightspeed India, Y Combinator",Pre-Series A,2020-03-18,1.87768
UrbanStack,Retail,Fashion,Gurugram,"IFC, Lightspeed India, Ventures India",Pre-Seed,2020-01-09,0.41194
FreshTech,FoodTech,Grocery,Ahmedabad,Elevation Capital,Seed,2020-05-13,5.72884
Cars24,Consumer Electronics,Smart Home,Noida,"LCatterton, Tiger Global Management",Series A,2021-11-22,73.48818
DataHive,Consumer Electronics,Wearables,Gurugram,"Lightspeed India, Sequoia Capital India",Seed,2025-01-31,8.88066
LogiSense,FinTech,NeoBank,Noida,"IFC, Ribbit Capital, Sequoia Capital India",Seed,2022-01-20,8.8136
CloudSolutions,AgriTech,Supply Chain,Ahmedabad,Ribbit Capital,Debt,2023-09-17,1.68608
DataAnalytics,E-commerce,Fashion,Kolkata,Mirae Asset,Pre-Series A,2023-01-25,2.98896
HyperLoop,RealEstate,Rental Tech,Bengaluru,Prosus Ventures,Seed,2023-09-17,0.59396
SkillFlow,Media,Social,Chennai,"Kedaara Capital, Nexus Venture Partners",Series D,2020-08-02,1697.71012
Porter,Retail,E-Retail,Kolkata,Zodius Capital,Seed,2021-02-13,2.4429
CloudPay,FoodTech,Food Delivery,Delhi,Prosus Ventures,Pre-Seed,2022-10-13,1.47532
AgriHive,FinTech,Payments,Mumbai,"Nexus Venture Partners, Prosus Ventures",Angel,2024-09-06,0.13412
Bounce,Retail,Fashion,Mumbai,Ribbit Capital,Series B,2020-07-26,66.26486
AutoFlow,Logistics,Supply Chain,Kolkata,IFC,Seed,2024-07-23,0.8143
Cars24,SaaS,HRTech,Chennai,Sequoia Capital India,Series B,2020-07-13,395.62526
FinSense,HealthTech,Pharmacy,Pune,"Matrix Partners India, Ventures India",Angel,2025-05-10,0.30656
NimbusWorks,HealthTech,Telemedicine,Chennai,Zodius Capital,Pre-Series A,2022-07-23,1.20708
GrowthCare,RealEstate,PropTech,Mumbai,Tiger Global Management,Seed,2024-01-27,0.65144
NextSense,AgriTech,Smart Farming,Ahmedabad,Y Combinator,Series B,2021-01-06,334.49528
ClearTax,Enterprise,Automation,Delhi,LCatterton,Series A,2022-09-26,11.66844
Dailyhunt,FinTech,Payments,Hyderabad,"Falcon Edge, IFC, Ventures India",Series B,2020-01-26,467.68602
Zepto,RealEstate,Home Services,Noida,"Accel, Prosus Ventures",Series A,2023-12-05,64.8566
LogiMart,RealEstate,Rental Tech,Chennai,"LCatterton, Omidyar Network",Seed,2024-08-19,0.64186
MediSpace,HealthTech,Health Analytics,Kolkata,SoftBank Vision Fund,Growth,2020-06-02,599.20026
QuantumSolutions,EdTech,Coding Bootcamp,Chennai,"A91 Partners, Info Edge",Series C,2020-06-10,2771.8772
Unacademy,Enterprise,Security,Kolkata,"Accel, Kalaari Capital, Ribbit Capital",Seed,2022-10-15,1.90642
Rapido,Enterprise,Analytics,Ahmedabad,LCatterton,Bridge,2023-07-29,1.87768
CoreFlow,Consumer Electronics,Wearables,Pune,Zodius Capital,Series C,2024-07-30,1731.09642
FreshBox,AgriTech,Marketplace,Kolkata,"Accel, Info Edge, Prosus Ventures",Series B,2022-01-14,662.1217
Rapido,SaaS,HRTech,Hyderabad,"Accel, LCatterton, Mirae Asset",Series A,2022-02-04,138.35436
Freshworks,E-commerce,D2C,Ahmedabad,"Lightspeed India, Zodius Capital",Seed,2020-09-04,7.7119
FinFoods,E-commerce,Fashion,Bengaluru,"Bessemer Venture Partners, Info Edge, Omidyar Network",Angel,2024-09-11,0.1437
ClearDekho,HealthTech,Health Analytics,Bengaluru,"Peak XV, Zodius Capital",Series A,2020-04-09,12.01332
AgriHive,Retail,E-Retail,Ahmedabad,Accel,Seed,2024-07-27,8.42082
AgriSense,FoodTech,Food Delivery,Ahmedabad,Elevation Capital,Angel,2024-04-10,0.25866
DataHive,Consumer Electronics,Audio,Delhi,"A91 Partners, Falcon Edge, Zodius Capital",Pre-Series A,2023-12-04,2.54828
HyperLabs,Mobility,Micro Mobility,Gurugram,"Elevation Capital, Prosus Ventures, SoftBank Vision Fund",Seed,2023-07-02,13.56528
EduTech,Media,Streaming,Pune,A91 Partners,Series B,2024-04-07,65.20148
SkillRise,Enterprise,Automation,Hyderabad,Falcon Edge,Growth,2022-05-15,1757.70966
GrowthFlow,FinTech,Payments,Gurugram,Tiger Global Management,Seed,2024-05-27,0.49816
AutoStack,FinTech,WealthTech,Gurugram,Zodius Capital,Series C,2020-03-07,681.68406
Zomato,AgriTech,Marketplace,Noida,"A91 Partners, Bessemer Venture Partners, Matrix Partners India",Growth,2024-02-29,555.7358
SmartTech,FinTech,InsurTech,Chennai,"A91 Partners, Sequoia Capital India, SoftBank Vision Fund",Pre-Series A,2024-06-02,1.25498
AutoStack,Enterprise,Security,Gurugram,"A91 Partners, Ribbit Capital, Ventures India",Angel,2023-12-14,0.06706
BlueRise,EdTech,UpSkilling,Kolkata,Blume Ventures,Seed,2023-10-30,5.24984
NoBroker,Media,Streaming,Mumbai,A91 Partners,Pre-Series A,2022-05-27,5.33606
LogiSense,Enterprise,Security,Bengaluru,Tiger Global,Seed,2023-12-24,4.1194
AgriSense,Retail,Fashion,Ahmedabad,"A91 Partners, Bessemer Venture Partners",Series D,2021-09-08,4390.43736
Groww,Retail,Fashion,Pune,Falcon Edge,Series A,2025-05-13,26.4408
ClearDekho,HealthTech,Health Analytics,Noida,Lightspeed India,Series A,2020-07-07,20.76944
Meesho,RealEstate,Home Services,Pune,"Falcon Edge, Tiger Global Management",Pre-Series A,2021-03-23,7.07962
MediSpace,SaaS,MarTech,Gurugram,"Matrix Partners India, Tiger Global",Angel,2023-06-10,0.0958
AgriSense,Retail,E-Retail,Chennai,Sequoia Capital India,Seed,2024-01-22,16.72668
NimbusWorks,Mobility,EV,Kolkata,"Falcon Edge, Lightspeed India, Peak XV",Pre-Seed,2025-01-13,0.20118
Dream11,Retail,Fashion,Noida,Prosus Ventures,Pre-Seed,2020-05-14,1.79146
Meesho,Enterprise,Automation,Chennai,"IFC, Zodius Capital",Series D,2021-02-25,529.04592
DriveEdge,E-commerce,Marketplace,Bengaluru,Accel,Series A,2021-11-10,107.0086
Udaan,HealthTech,Pharmacy,Noida,LCatterton,Seed,2024-08-09,3.353
Freshworks,FoodTech,Food Delivery,Chennai,"Falcon Edge, Prosus Ventures",Series A,2020-02-04,140.98886
Byju's,Retail,Fashion,Ahmedabad,Y Combinator,Pre-Seed,2024-10-03,0.22992
AeroAnalytics,Retail,Fashion,Hyderabad,"Y Combinator, Zodius Capital",Series A,2021-07-30,42.92798
ClearTax,Consumer Electronics,Audio,Noida,"Bessemer Venture Partners, IFC",Seed,2024-03-09,17.10988
Urban Company,RealEstate,PropTech,Hyderabad,"Peak XV, Ribbit Capital, Sequoia Capital India",Series B,2025-02-15,204.27434
SmartCare,FinTech,NeoBank,Ahmedabad,Elevation Capital,Pre-Series A,2023-01-26,4.08108
FoodSolutions,RealEstate,Rental Tech,Delhi,"Lightspeed India, Zodius Capital",Seed,2021-03-28,6.23658
BlueTech,AgriTech,Supply Chain,Noida,Elevation Capital,Series A,2023-01-30,32.80192
CRED,Logistics,Last Mile,Gurugram,Y Combinator,Series B,2022-09-24,272.89588
FinSpace,AgriTech,Supply Chain,Gurugram,Ribbit Capital,Seed,2022-07-11,4.13856
BigBasket,Media,Streaming,Delhi,Peak XV,Series A,2022-01-16,109.94966
Lenskart,FinTech,WealthTech,Gurugram,"Elevation Capital, Ribbit Capital, Y Combinator",Series C,2023-12-29,216.69002
FreshBox,Consumer Electronics,Wearables,Pune,"Accel, Ribbit Capital",Series C,2022-09-24,410.04316
HealthRise,Enterprise,Analytics,Noida,"Sequoia Capital India, Tiger Global",Seed,2024-02-11,15.96028
ClearDekho,RealEstate,PropTech,Ahmedabad,"Lightspeed India, Sequoia Capital India",Series A,2024-04-24,106.75952
Swiggy,Mobility,Micro Mobility,Kolkata,Kalaari Capital,Series B,2020-10-31,169.43188
Cars24,HealthTech,Health Analytics,Noida,Falcon Edge,Series A,2022-03-23,51.36796
MediWorks,Retail,Fashion,Delhi,"A91 Partners, Blume Ventures",Series C,2020-10-14,406.08662
GreenConnect,Consumer Electronics,Wearables,Bengaluru,Tiger Global,Seed,2022-09-25,0.958
Nykaa,EdTech,Test Prep,Gurugram,Kalaari Capital,Series A,2024-06-08,33.6258
AutoFlow,FinTech,WealthTech,Mumbai,"Matrix Partners India, Zodius Capital",Series B,2022-12-03,127.58644
NoBroker,FoodTech,Grocery,Chennai,Falcon Edge,Pre-Series A,2023-08-31,3.66914
UrbanSolutions,EdTech,Coding Bootcamp,Pune,"Bessemer Venture Partners, LCatterton",Series C,2021-12-07,236.49188
MediHive,HealthTech,Health Analytics,Delhi,"Blume Ventures, Elevation Capital, Nexus Venture Partners",Seed,2022-11-19,17.4356
Housejoy,RealEstate,PropTech,Chennai,Mirae Asset,Series C,2024-01-15,2768.65832
GrowthCare,AgriTech,Supply Chain,Chennai,A91 Partners,Pre-Seed,2020-03-29,0.958
BharatPe,HealthTech,Telemedicine,Ahmedabad,LCatterton,Seed,2020-12-06,3.45838
CoreConnect,AgriTech,Marketplace,Bengaluru,"Lightspeed India, Peak XV, Zodius Capital",Growth,2024-01-30,1084.15902
CoreSpace,HealthTech,Diagnostics,Chennai,"Blume Ventures, Zodius Capital",Series A,2024-06-15,86.78522
CureFit,HealthTech,Pharmacy,Kolkata,Y Combinator,Series A,2020-05-20,61.18746
LogiSense,EdTech,Coding Bootcamp,Delhi,"LCatterton, Omidyar Network",Series A,2020-12-29,14.87774
AeroAnalytics,E-commerce,Fashion,Delhi,LCatterton,Angel,2023-01-09,0.73766
Paytm,Mobility,EV,Pune,"Info Edge, Peak XV",Growth,2023-11-29,4198.25298
AgriHive,FoodTech,Food Delivery,Ahmedabad,"A91 Partners, Info Edge, Matrix Partners India",Series C,2025-02-02,2508.68586
PharmEasy,Enterprise,Analytics,Hyderabad,"Matrix Partners India, Sequoia Capital India",Series A,2023-01-18,68.37246
MediHive,E-commerce,Grocery,Bengaluru,"Accel, Bessemer Venture Partners, Kalaari Capital",Pre-Series A,2021-02-24,3.93738
DriveLoop,Logistics,Supply Chain,Noida,"Elevation Capital, Prosus Ventures",Pre-Series A,2022-01-18,2.50996
CoreFlow,Retail,Fashion,Kolkata,"Mirae Asset, Tiger Global Management",Seed,2023-02-19,14.9448
FoodSolutions,FoodTech,Grocery,Delhi,Ventures India,Series D,2023-09-12,3518.83938
EduMart,HealthTech,Telemedicine,Gurugram,Bessemer Venture Partners,Series A,2024-05-28,10.8254
Udaan,HealthTech,Health Analytics,Bengaluru,Mirae Asset,Series C,2024-08-13,205.7784
DriveEdge,Logistics,Last Mile,Pune,"Omidyar Network, Tiger Global Management, Y Combinator",Seed,2020-03-18,1.916
SmartTech,AgriTech,Supply Chain,Delhi,Lightspeed India,Series B,2022-06-18,453.24896
SmartTech,Retail,Fashion,Noida,"Blume Ventures, Sequoia Capital India",Series A,2021-04-19,138.83336
MediWorks,HealthTech,Telemedicine,Hyderabad,"Falcon Edge, Kalaari Capital, Omidyar Network",Series C,2021-12-24,287.93648
CRED,E-commerce,Grocery,Hyderabad,"Tiger Global Management, Y Combinator",Series B,2023-02-19,248.73512
SkillSolutions,EdTech,Coding Bootcamp,Chennai,Kalaari Capital,Series A,2021-06-18,26.8719
AeroStack,Mobility,EV,Pune,"IFC, Peak XV",Bridge,2024-07-02,17.1482
AutoStack,FoodTech,Grocery,Kolkata,Peak XV,Series C,2024-03-31,1874.14498
LogiRise,AgriTech,Supply Chain,Kolkata,"Ribbit Capital, Tiger Global Management",Seed,2020-05-18,10.55716
HomeFoods,FoodTech,Food Delivery,Noida,Matrix Partners India,Series A,2023-12-06,34.08564
Bounce,FoodTech,Grocery,Pune,Mirae Asset,Seed,2025-03-22,2.21298
AgriFit,AgriTech,Smart Farming,Delhi,Mirae Asset,Bridge,2023-10-31,1.31246
CloudPay,EdTech,UpSkilling,Gurugram,Zodius Capital,Seed,2024-09-05,0.59396
Licious,HealthTech,Telemedicine,Mumbai,"IFC, Mirae Asset, Sequoia Capital India",Angel,2023-10-16,0.64186
Razorpay,Enterprise,Security,Pune,"IFC, Mirae Asset",Series A,2022-10-05,86.57446
QuantumSolutions,Retail,Fashion,Delhi,"A91 Partners, Mirae Asset",Seed,2024-06-24,19.14084
AeroAnalytics,Enterprise,Automation,Delhi,"Falcon Edge, Sequoia Capital India, SoftBank Vision Fund",Series A,2020-09-03,142.39712
FarmTech,E-commerce,D2C,Pune,A91 Partners,Series A,2021-06-15,43.11
FinSpace,AgriTech,Smart Farming,Pune,Kalaari Capital,Seed,2022-05-18,8.17174
NimbusWorks,FoodTech,Food Delivery,Kolkata,"Prosus Ventures, Zodius Capital",Seed,2020-09-25,15.62498
SkillFlow,Mobility,EV,Chennai,"Bessemer Venture Partners, Blume Ventures, Nexus Venture Partners",Seed,2024-06-26,11.00742
Chargebee,HealthTech,Pharmacy,Kolkata,"Accel, Tiger Global",Seed,2023-02-25,1.1975
BharatPe,FinTech,Lending,Hyderabad,Info Edge,Series A,2023-07-13,32.45704
WorkStack,SaaS,HRTech,Pune,IFC,Pre-Seed,2020-09-05,0.25866
BlueRise,RealEstate,Rental Tech,Noida,Y Combinator,Seed,2024-05-17,16.17104
Myntra,Retail,Fashion,Kolkata,"Elevation Capital, Ribbit Capital",Private Equity,2022-02-19,3868.48064
GreenConnect,RealEstate,Home Services,Chennai,"IFC, Tiger Global",Series B,2023-03-16,90.2915
BharatPe,SaaS,DevTools,Pune,"Elevation Capital, Matrix Partners India, Ribbit Capital",Seed,2021-08-19,5.70968
Ola,Retail,Grocery,Ahmedabad,"Blume Ventures, IFC",Series A,2022-07-11,51.09014
FreshSolutions,RealEstate,Home Services,Mumbai,Accel,Seed,2022-03-24,1.79146
FarmBox,FinTech,InsurTech,Noida,Matrix Partners India,Series C,2020-06-19,260.58558
HyperLoop,FoodTech,Food Delivery,Gurugram,"Nexus Venture Partners, Ribbit Capital",Seed,2021-08-04,5.7001
Lenskart,FinTech,Payments,Pune,"IFC, Mirae Asset",Growth,2021-10-28,1890.92914
SkillFlow,HealthTech,Diagnostics,Ahmedabad,"A91 Partners, Falcon Edge, Ribbit Capital",Series A,2023-07-16,77.56926
FreshTech,Consumer Electronics,Smart Home,Gurugram,Y Combinator,Series C,2022-06-23,783.71106
Swiggy,HealthTech,Pharmacy,Bengaluru,SoftBank Vision Fund,Pre-Seed,2024-07-27,1.36036
CoreSpace,Media,Content,Kolkata,"Bessemer Venture Partners, Omidyar Network",Seed,2024-04-17,3.66914
MediHive,EdTech,Coding Bootcamp,Noida,Kedaara Capital,Series A,2021-05-26,43.76144
UrbanDrive,EdTech,UpSkilling,Mumbai,"LCatterton, Ventures India",Pre-Series A,2021-05-05,7.21374
SkillFlow,Media,Streaming,Hyderabad,Blume Ventures,Pre-Series A,2024-10-13,2.42374
Cars24,E-commerce,Fashion,Ahmedabad,"Mirae Asset, SoftBank Vision Fund",Series A,2023-12-05,13.77604
WorkPay,Mobility,Ride Sharing,Delhi,Nexus Venture Partners,Bridge,2021-07-31,0.53648
Dailyhunt,Media,Social,Gurugram,"Kalaari Capital, Lightspeed India",Seed,2020-01-31,7.7598
Chargebee,SaaS,MarTech,Bengaluru,Tiger Global,Seed,2024-09-23,4.72294
DriveFit,Consumer Electronics,Audio,Gurugram,"Nexus Venture Partners, Zodius Capital",Angel,2021-05-27,0.39278
LogiMart,Consumer Electronics,Audio,Bengaluru,Falcon Edge,Seed,2024-02-14,1.0538
FarmTech,RealEstate,Home Services,Pune,Ventures India,Seed,2024-01-31,0.79514
NeoTech,RealEstate,Home Services,Gurugram,"Accel, Lightspeed India, Ribbit Capital",Pre-Series A,2020-04-16,0.98674
NeoSense,Retail,Grocery,Ahmedabad,Sequoia Capital India,Seed,2024-06-04,1.74356
Razorpay,AgriTech,Marketplace,Kolkata,Bessemer Venture Partners,Series B,2020-11-13,245.85154
LogiMart,E-commerce,Grocery,Pune,"Blume Ventures, Tiger Global, Y Combinator",Angel,2024-04-04,0.15328
AeroStack,EdTech,UpSkilling,Noida,Bessemer Venture Partners,Series C,2024-03-29,626.47452
Dailyhunt,Media,Social,Bengaluru,"LCatterton, Mirae Asset, Nexus Venture Partners",Series B,2022-01-03,587.56056
Dailyhunt,Mobility,EV,Noida,"Blume Ventures, Y Combinator",Series B,2021-01-23,125.79498
InMobi,Logistics,Fleet Management,Noida,Info Edge,Seed,2022-12-23,3.19014
CureFit,Mobility,EV,Kolkata,"Blume Ventures, Y Combinator",Pre-Seed,2023-07-30,1.16876
PhonePe,AgriTech,Smart Farming,Ahmedabad,Prosus Ventures,Seed,2024-01-16,2.06928
UrbanDrive,RealEstate,Home Services,Noida,Kalaari Capital,Seed,2021-08-02,4.75168
AgriSense,Mobility,Micro Mobility,Mumbai,Blume Ventures,Pre-Seed,2025-04-04,1.39868
GreenMart,Consumer Electronics,Audio,Mumbai,"Falcon Edge, Prosus Ventures",Pre-Seed,2023-08-07,1.70524
CloudSolutions,EdTech,Test Prep,Bengaluru,"Accel, LCatterton, Mirae Asset",Angel,2021-03-03,0.07664
HealthWorks,Media,Content,Pune,"Matrix Partners India, Tiger Global",Series C,2020-04-29,2355.84654
Groww,Enterprise,Security,Mumbai,"Accel, Kedaara Capital",Bridge,2025-05-21,2.94106
AeroHub,Mobility,Micro Mobility,Gurugram,A91 Partners,Series A,2025-04-24,19.27496
SkillRise,Retail,Fashion,Ahmedabad,"Blume Ventures, IFC, Prosus Ventures",Pre-Series A,2022-07-28,2.75904
BlueTech,Mobility,EV,Delhi,"LCatterton, Peak XV",Series A,2023-05-13,136.1318
NeoSense,FoodTech,Grocery,Chennai,"A91 Partners, Matrix Partners India",Series C,2021-10-24,727.38066
UrbanSolutions,Media,Content,Pune,Sequoia Capital India,Bridge,2022-07-05,1.60944
HealthAnalytics,Mobility,Ride Sharing,Hyderabad,IFC,Pre-Seed,2021-03-30,0.82388
DataAnalytics,Media,Content,Noida,"Blume Ventures, Sequoia Capital India",Series A,2023-03-14,18.35528
Licious,HealthTech,Diagnostics,Hyderabad,Matrix Partners India,Pre-Series A,2023-04-07,1.14002
Delhivery,E-commerce,Grocery,Chennai,"Accel, Mirae Asset, SoftBank Vision Fund",Series A,2021-03-21,13.58444
Myntra,Enterprise,Automation,Ahmedabad,"Ribbit Capital, Sequoia Capital India",Series C,2020-07-14,271.00862
QuantumAnalytics,FinTech,WealthTech,Pune,"Nexus Venture Partners, Peak XV",Growth,2022-06-08,715.21406
HomeFoods,Enterprise,Automation,Bengaluru,"Falcon Edge, Tiger Global",Series B,2023-07-18,70.38426
FoodLoop,HealthTech,Pharmacy,Noida,Prosus Ventures,Series B,2020-11-09,283.15606
DriveFit,Retail,Fashion,Ahmedabad,"Elevation Capital, Kalaari Capital",Series A,2021-03-30,15.67288
LogiSense,Consumer Electronics,Smart Home,Bengaluru,Kalaari Capital,Series A,2021-06-21,24.429
DriveEdge,HealthTech,Diagnostics,Kolkata,"Lightspeed India, Ribbit Capital",Series A,2022-09-26,108.65636
LogiMart,Logistics,Supply Chain,Pune,Accel,Series B,2023-03-25,178.25506
Flipkart,FoodTech,Food Delivery,Pune,"Bessemer Venture Partners, Prosus Ventures",Seed,2021-12-06,5.62346
Lenskart,SaaS,MarTech,Ahmedabad,Lightspeed India,Seed,2020-04-01,0.90052
NimbusWorks,Media,Social,Mumbai,"IFC, Peak XV",Series B,2021-05-12,81.63118
SmartTech,Media,Social,Hyderabad,Lightspeed India,Series A,2020-02-16,10.70086
Meesho,EdTech,UpSkilling,Noida,Kedaara Capital,Series A,2024-02-03,15.1364
PhonePe,FoodTech,Grocery,Noida,Elevation Capital,Pre-Seed,2020-12-14,0.36404
SkillFlow,RealEstate,PropTech,Mumbai,"IFC, Prosus Ventures",Pre-Series A,2021-07-09,1.437
PhonePe,Logistics,Fleet Management,Chennai,"Accel, Tiger Global Management",Seed,2022-02-18,0.66102
HyperLabs,AgriTech,Marketplace,Mumbai,"A91 Partners, Kedaara Capital",Seed,2022-10-22,0.74724
Razorpay,EdTech,UpSkilling,Pune,Sequoia Capital India,Series A,2024-03-04,33.36714
AgriFit,Logistics,Last Mile,Noida,"Kalaari Capital, Matrix Partners India, Tiger Global Management",Seed,2020-05-06,1.02506
ClearTax,Mobility,EV,Gurugram,"Accel, Prosus Ventures",Seed,2025-01-11,1.83936
QuantumAnalytics,RealEstate,Rental Tech,Gurugram,Info Edge,Pre-Series A,2023-03-19,3.05602
FreshTech,SaaS,MarTech,Noida,Omidyar Network,Seed,2023-08-29,6.11204
CloudPay,Logistics,Fleet Management,Noida,Prosus Ventures,Angel,2022-05-30,0.05748
NextSense,Mobility,Micro Mobility,Mumbai,Kedaara Capital,Seed,2024-09-15,9.13932
FoodLoop,FoodTech,Food Delivery,Hyderabad,"Bessemer Venture Partners, Elevation Capital, Peak XV",Series A,2025-03-27,52.46008
AeroStack,FinTech,NeoBank,Ahmedabad,Matrix Partners India,Seed,2023-03-07,0.65144
GrowthFlow,Media,Content,Delhi,"Kedaara Capital, Y Combinator",Series A,2023-05-23,102.03658
UrbanDrive,HealthTech,Diagnostics,Gurugram,Peak XV,Seed,2022-04-16,14.31252
Flipkart,EdTech,K12,Gurugram,"IFC, Mirae Asset",Seed,2025-03-13,0.60354
NeoSense,EdTech,Coding Bootcamp,Chennai,"Kalaari Capital, Kedaara Capital, Zodius Capital",Series C,2023-05-30,405.53098
GrowthConnect,Consumer Electronics,Wearables,Bengaluru,"Falcon Edge, Tiger Global Management",Growth,2021-05-18,4021.1092
Razorpay,Mobility,EV,Noida,Blume Ventures,Series C,2025-05-25,1453.50634
Dailyhunt,FoodTech,Food Delivery,Hyderabad,Omidyar Network,Series A,2022-05-15,15.78784
Udaan,Media,Streaming,Delhi,"Accel, Falcon Edge",Series A,2023-08-16,16.88954
BlueTech,Media,Streaming,Delhi,"Info Edge, Sequoia Capital India",Pre-Series A,2021-10-24,2.2513
CloudPay,E-commerce,D2C,Pune,"Bessemer Venture Partners, Kedaara Capital, Nexus Venture Partners",Series B,2025-01-31,183.5528
Porter,Media,Content,Pune,"Kedaara Capital, Tiger Global Management",Seed,2023-12-19,4.68462
NextSense,FoodTech,Cloud Kitchen,Delhi,"Blume Ventures, IFC, Nexus Venture Partners",Angel,2023-03-04,0.1437
Udaan,FoodTech,Food Delivery,Hyderabad,"Blume Ventures, Elevation Capital",Series B,2025-05-22,172.69866
LogiSense,FinTech,NeoBank,Hyderabad,"A91 Partners, Sequoia Capital India",Pre-Seed,2022-10-16,1.07296
NimbusLabs,AgriTech,Marketplace,Kolkata,Omidyar Network,Series A,2022-06-23,10.57632
MediHive,Mobility,EV,Ahmedabad,Tiger Global,Series A,2024-08-06,18.97798
GreenConnect,SaaS,B2B SaaS,Delhi,"Elevation Capital, Zodius Capital",Series D,2023-09-28,2475.62528
Unacademy,FinTech,Payments,Chennai,"Elevation Capital, Kedaara Capital, Prosus Ventures",Debt,2020-11-26,249.7506
EduTech,Media,Streaming,Pune,SoftBank Vision Fund,Angel,2020-07-09,0.22034
QuantumAnalytics,Retail,Grocery,Noida,Nexus Venture Partners,Seed,2022-08-22,3.41048
SkillSolutions,FoodTech,Grocery,Gurugram,Accel,Series B,2023-06-07,64.4734
Unacademy,Consumer Electronics,Smart Home,Ahmedabad,Info Edge,Angel,2023-12-18,0.18202
FoodLoop,AgriTech,Marketplace,Pune,"Kedaara Capital, Mirae Asset",Angel,2023-06-12,0.2395
Chargebee,Consumer Electronics,Audio,Ahmedabad,Sequoia Capital India,Seed,2021-08-17,1.16876
GrowthFlow,Retail,E-Retail,Gurugram,"Tiger Global, Y Combinator",Series C,2022-04-29,397.2347
Meesho,FinTech,Lending,Hyderabad,Elevation Capital,Seed,2020-05-18,1.92558
AgriSense,E-commerce,D2C,Pune,"Peak XV, Zodius Capital",Pre-Series A,2023-03-11,1.0059
CloudLabs,SaaS,MarTech,Kolkata,Mirae Asset,Series C,2023-08-15,458.34552
LogiRise,Mobility,EV,Kolkata,"A91 Partners, Falcon Edge, Tiger Global",Series C,2022-04-27,339.68764
HyperLabs,FinTech,Lending,Ahmedabad,Tiger Global,Series B,2024-06-25,118.76326
WorkPay,FinTech,WealthTech,Chennai,A91 Partners,Series A,2024-09-21,13.24914
UrbanDrive,E-commerce,D2C,Pune,"Accel, IFC",Series B,2021-07-10,565.76606
NimbusWorks,Logistics,Last Mile,Noida,Bessemer Venture Partners,Seed,2020-08-17,4.28226
CloudPay,Consumer Electronics,Smart Home,Bengaluru,"Blume Ventures, SoftBank Vision Fund",Series C,2025-01-27,1205.2598
AgriHive,Mobility,EV,Pune,Zodius Capital,Seed,2024-11-20,8.80402
LogiSense,FinTech,InsurTech,Chennai,Sequoia Capital India,Series B,2022-12-05,190.77612
FarmFit,AgriTech,Supply Chain,Pune,Falcon Edge,Series A,2020-04-04,12.1187
FreshTech,Retail,Grocery,Gurugram,Elevation Capital,Seed,2021-01-29,3.47754
FoodLoop,RealEstate,PropTech,Hyderabad,Sequoia Capital India,Seed,2021-07-14,4.17688
Zomato,EdTech,UpSkilling,Noida,"A91 Partners, Bessemer Venture Partners, Blume Ventures",Seed,2020-10-16,7.49156
FreshTech,SaaS,MarTech,Bengaluru,"Accel, Tiger Global, Y Combinator",Seed,2022-08-22,2.35668
DriveFit,AgriTech,Marketplace,Kolkata,Zodius Capital,Series A,2021-10-01,13.53654
HealthRise,Retail,Grocery,Ahmedabad,"Info Edge, Mirae Asset, Prosus Ventures",Seed,2024-07-22,1.36036
InMobi,Consumer Electronics,Audio,Gurugram,"Matrix Partners India, Y Combinator",Seed,2025-01-08,1.82978
BlueTech,RealEstate,Home Services,Pune,Mirae Asset,Series A,2020-03-02,55.085
NextFlow,Enterprise,Analytics,Hyderabad,"Accel, Nexus Venture Partners",Series C,2023-05-22,898.8435
AeroStack,RealEstate,PropTech,Hyderabad,"Kalaari Capital, Ribbit Capital",Series A,2022-03-31,25.12834
NextSense,FoodTech,Cloud Kitchen,Pune,"Info Edge, Tiger Global Management",Seed,2023-11-22,18.23074
DataHive,EdTech,K12,Mumbai,"Accel, Zodius Capital",Series B,2023-12-28,256.89728
SmartMart,E-commerce,Fashion,Delhi,Omidyar Network,Seed,2022-04-11,1.1496
QuantumAnalytics,RealEstate,Rental Tech,Bengaluru,LCatterton,Seed,2024-07-31,0.69934
Rapido,Retail,E-Retail,Delhi,"Info Edge, Ribbit Capital",Series A,2021-08-19,14.49454
CoreFlow,SaaS,HRTech,Ahmedabad,LCatterton,Series C,2023-10-23,372.95898
DriveEdge,SaaS,B2B SaaS,Ahmedabad,IFC,Pre-Seed,2022-11-11,0.27782
HealthWorks,Mobility,Ride Sharing,Bengaluru,Accel,Series B,2024-08-07,80.34746
HealthAnalytics,EdTech,Coding Bootcamp,Ahmedabad,"A91 Partners, Y Combinator",Pre-Series A,2021-10-13,1.84894
NoBroker,Consumer Electronics,Audio,Gurugram,Zodius Capital,Series A,2024-09-23,15.31842
HyperLoop,Enterprise,Automation,Delhi,"Kedaara Capital, Mirae Asset, Sequoia Capital India",Seed,2020-05-26,13.09586
DriveEdge,HealthTech,Telemedicine,Delhi,"Kedaara Capital, LCatterton",Series B,2022-05-01,59.83668
Innovaccer,AgriTech,Supply Chain,Kolkata,"Kalaari Capital, Lightspeed India",Series A,2023-02-04,39.65162
Innovaccer,AgriTech,Supply Chain,Ahmedabad,Kedaara Capital,Series A,2024-02-05,29.11362
NextStack,Mobility,Micro Mobility,Pune,"Mirae Asset, Y Combinator",Pre-Seed,2020-03-18,1.83936
AgriHive,E-commerce,Marketplace,Noida,Mirae Asset,Debt,2024-03-17,1.92558
HealthRise,AgriTech,Supply Chain,Gurugram,"Accel, Peak XV, Ribbit Capital",Series A,2024-02-27,28.13646
FreshTech,SaaS,B2B SaaS,Kolkata,"A91 Partners, SoftBank Vision Fund",Series A,2025-01-29,132.2998
AgriFit,Retail,Grocery,Hyderabad,"Kedaara Capital, Ventures India",Seed,2023-11-24,11.66844
Swiggy,FinTech,InsurTech,Ahmedabad,"Ribbit Capital, Tiger Global Management, Zodius Capital",Seed,2020-04-15,9.76202
SmartTech,HealthTech,Telemedicine,Hyderabad,Elevation Capital,Seed,2023-06-15,1.23582
CloudSolutions,E-commerce,Grocery,Delhi,Prosus Ventures,Angel,2024-02-22,0.07664
Nykaa,Retail,E-Retail,Hyderabad,"Blume Ventures, Falcon Edge",Series C,2021-04-28,1171.60526
GreenMart,E-commerce,Marketplace,Ahmedabad,"Kalaari Capital, Ventures India",Angel,2020-11-11,0.77598
AeroHub,Consumer Electronics,Smart Home,Delhi,Tiger Global,Seed,2024-02-12,3.7362
CureFit,Retail,E-Retail,Bengaluru,"Elevation Capital, Ventures India",Seed,2022-03-27,3.94696
PharmEasy,FoodTech,Grocery,Chennai,"IFC, Sequoia Capital India",Series A,2020-10-24,20.44372
EduMart,SaaS,B2B SaaS,Mumbai,Peak XV,Angel,2023-07-29,0.479
Paytm,AgriTech,Marketplace,Hyderabad,Matrix Partners India,Seed,2021-06-30,0.958
DriveFit,RealEstate,Rental Tech,Gurugram,Falcon Edge,Series B,2023-04-20,117.50828
BlueTech,FinTech,Payments,Mumbai,"Accel, Info Edge",Pre-Seed,2020-07-19,0.50774
HomeAnalytics,Logistics,Last Mile,Bengaluru,Peak XV,Pre-Seed,2020-07-07,0.61312
GreenEdge,RealEstate,PropTech,Mumbai,Y Combinator,Seed,2023-05-23,1.16876
DataEdge,Media,Social,Hyderabad,Ribbit Capital,Seed,2023-09-14,0.72808
SkillSolutions,Media,Streaming,Pune,Elevation Capital,Seed,2024-05-17,4.56008
HealthWorks,SaaS,B2B SaaS,Hyderabad,Info Edge,Bridge,2021-06-26,1.3891
NeoLabs,EdTech,Coding Bootcamp,Delhi,A91 Partners,Series B,2020-08-10,239.99816
Paytm,EdTech,Test Prep,Kolkata,Tiger Global,Series B,2020-07-30,73.48818
AutoStack,FinTech,InsurTech,Delhi,Prosus Ventures,Series B,2020-01-02,181.83798
NextStack,SaaS,MarTech,Ahmedabad,"Kalaari Capital, Mirae Asset",Pre-Seed,2023-12-20,0.65144
CRED,Mobility,Ride Sharing,Bengaluru,"Falcon Edge, Nexus Venture Partners",Pre-Series A,2023-11-12,1.08254
Licious,SaaS,HRTech,Chennai,"Accel, Falcon Edge, Peak XV",Seed,2025-05-17,1.65734
HealthRise,Retail,Grocery,Gurugram,"Elevation Capital, Prosus Ventures",Seed,2020-03-21,0.78556
UrbanDrive,RealEstate,Rental Tech,Pune,"Blume Ventures, Info Edge, Sequoia Capital India",Series A,2024-12-17,11.37146
GrowthFlow,AgriTech,Supply Chain,Kolkata,"Mirae Asset, Ribbit Capital",Pre-Series A,2024-06-11,9.35966
EduBox,FinTech,Payments,Pune,"Bessemer Venture Partners, Nexus Venture Partners, Tiger Global",Seed,2024-06-01,1.57112
LogiRise,Enterprise,Automation,Delhi,Sequoia Capital India,Series B,2021-04-22,452.39634
SmartCare,FinTech,InsurTech,Ahmedabad,"Blume Ventures, Nexus Venture Partners, Tiger Global",Pre-Seed,2023-12-07,0.34488
BigBasket,Enterprise,Analytics,Kolkata,"Tiger Global, Zodius Capital",Series A,2024-09-06,60.66056
Porter,Consumer Electronics,Smart Home,Ahmedabad,Info Edge,Seed,2024-07-05,7.91308
FoodFit,RealEstate,Rental Tech,Noida,Ventures India,Seed,2024-09-09,4.311
NoBroker,SaaS,B2B SaaS,Mumbai,"Blume Ventures, Y Combinator",Seed,2024-03-31,2.7303
Dream11,Consumer Electronics,Audio,Ahmedabad,"Bessemer Venture Partners, Omidyar Network, Sequoia Capital India",Pre-Seed,2020-07-23,0.49816
Myntra,E-commerce,Quick Commerce,Bengaluru,"Kalaari Capital, LCatterton, Ribbit Capital",Seed,2020-07-01,1.73398
FarmBox,EdTech,K12,Hyderabad,Peak XV,Series A,2022-04-23,118.73452
GrowthConnect,Media,Content,Ahmedabad,Y Combinator,Bridge,2023-07-08,10.26018
MediHive,EdTech,Test Prep,Noida,IFC,Bridge,2023-06-21,16.84164
ClearDekho,EdTech,Coding Bootcamp,Gurugram,Bessemer Venture Partners,Seed,2021-01-31,0.75682
FarmBox,HealthTech,Telemedicine,Bengaluru,Info Edge,Series B,2021-08-06,363.39814
WorkStack,Retail,Grocery,Bengaluru,"Bessemer Venture Partners, Blume Ventures",Seed,2020-04-17,15.26094
Myntra,Mobility,Ride Sharing,Mumbai,"Omidyar Network, SoftBank Vision Fund",Angel,2024-01-17,0.08622
BlueRise,SaaS,DevTools,Mumbai,Ventures India,Seed,2020-07-19,0.61312
CloudPay,EdTech,Test Prep,Kolkata,"Nexus Venture Partners, Peak XV",Series A,2020-04-21,71.28478
AutoFlow,SaaS,DevTools,Kolkata,Tiger Global Management,Series B,2023-07-18,235.54346
CloudPay,FinTech,NeoBank,Bengaluru,"Blume Ventures, Info Edge",Seed,2020-08-15,10.69128
DataHive,Logistics,Fleet Management,Delhi,"LCatterton, Omidyar Network",Series C,2023-07-30,279.75516
HomeFoods,Enterprise,Automation,Kolkata,Mirae Asset,Growth,2021-03-19,3906.73358
UrbanStack,Media,Social,Gurugram,LCatterton,Seed,2023-04-01,1.0059
WorkPay,FinTech,InsurTech,Bengaluru,"Falcon Edge, Sequoia Capital India, Ventures India",Pre-Seed,2022-08-21,0.27782
GrowthCare,Media,Social,Kolkata,"Kedaara Capital, Ventures India",Series A,2020-06-19,14.9448
Freshworks,EdTech,K12,Pune,Sequoia Capital India,Seed,2023-08-19,9.66622
BigBasket,HealthTech,Health Analytics,Ahmedabad,"Mirae Asset, Nexus Venture Partners",Series B,2020-02-19,302.91002
CoreConnect,Enterprise,Security,Kolkata,"LCatterton, SoftBank Vision Fund, Tiger Global",Series B,2020-01-03,204.25518
GreenMart,Retail,Grocery,Ahmedabad,Bessemer Venture Partners,Series A,2024-06-15,25.31994
HealthRise,SaaS,B2B SaaS,Noida,LCatterton,Bridge,2023-10-13,12.17618
FreshToHome,FoodTech,Food Delivery,Kolkata,Blume Ventures,Series A,2022-01-18,27.72452
CRED,Mobility,Micro Mobility,Gurugram,A91 Partners,Seed,2021-11-16,9.74286
GrowthCare,Retail,Fashion,Gurugram,SoftBank Vision Fund,Series C,2024-04-07,629.30062
NextStack,FoodTech,Food Delivery,Bengaluru,"Falcon Edge, Mirae Asset",Seed,2021-12-08,1.92558
NeoTech,Mobility,Micro Mobility,Noida,"Prosus Ventures, Y Combinator",Angel,2022-07-14,0.1916
Byju's,EdTech,Coding Bootcamp,Mumbai,Elevation Capital,Seed,2025-01-12,1.45616
Dunzo,E-commerce,Marketplace,Hyderabad,"Lightspeed India, Nexus Venture Partners",Seed,2020-10-30,7.54904
DataAnalytics,RealEstate,Rental Tech,Delhi,"Sequoia Capital India, Ventures India",Series A,2022-05-10,37.38116
FinFoods,Enterprise,Analytics,Noida,"Ribbit Capital, SoftBank Vision Fund",Series B,2022-04-23,91.19202
NeoSense,RealEstate,Rental Tech,Noida,"Elevation Capital, Nexus Venture Partners",Series D,2022-06-30,3801.1045
BigBasket,HealthTech,Pharmacy,Gurugram,Bessemer Venture Partners,Series A,2025-06-11,27.09224
Postman,HealthTech,Pharmacy,Hyderabad,"Kedaara Capital, Peak XV",Series A,2020-12-06,41.74964
SmartTech,HealthTech,Diagnostics,Delhi,A91 Partners,Seed,2020-03-25,13.56528
Dailyhunt,Logistics,Supply Chain,Delhi,Prosus Ventures,Seed,2023-12-19,4.79
FoodSolutions,Consumer Electronics,Smart Home,Delhi,Kalaari Capital,Series A,2020-09-05,13.14376
Chargebee,Retail,E-Retail,Kolkata,Tiger Global Management,Angel,2020-11-15,0.80472
ClearDekho,SaaS,HRTech,Kolkata,"Bessemer Venture Partners, Prosus Ventures",Angel,2025-06-08,0.31614
Ola,SaaS,B2B SaaS,Kolkata,"A91 Partners, Kalaari Capital, SoftBank Vision Fund",Angel,2020-10-12,0.13412
HomeAnalytics,E-commerce,D2C,Bengaluru,"Bessemer Venture Partners, Falcon Edge",Series A,2021-02-03,13.96764
QuantumSolutions,E-commerce,Grocery,Kolkata,Tiger Global Management,Series B,2025-05-15,432.94894
DriveFit,SaaS,B2B SaaS,Pune,Y Combinator,Pre-Series A,2024-01-06,3.99486
HealthAnalytics,Logistics,Supply Chain,Noida,"Kalaari Capital, Ventures India",Seed,2024-01-30,3.42964
Ola,Logistics,Last Mile,Chennai,Zodius Capital,Series B,2022-04-28,571.07338
Unacademy,HealthTech,Diagnostics,Hyderabad,"Tiger Global, Tiger Global Management",Series A,2024-11-11,81.06596
UrbanSolutions,FoodTech,Grocery,Hyderabad,"Kedaara Capital, Ventures India",Pre-Series A,2023-02-12,1.36036
FinSense,Enterprise,Security,Hyderabad,Zodius Capital,Series A,2020-03-27,22.28308
Oyo,Consumer Electronics,Smart Home,Kolkata,Blume Ventures,Seed,2024-06-08,1.1975
Delhivery,RealEstate,Rental Tech,Kolkata,Kalaari Capital,Seed,2023-09-25,7.45324
NeoLabs,RealEstate,PropTech,Bengaluru,"Tiger Global, Tiger Global Management",Seed,2021-07-21,0.54606
ShareChat,AgriTech,Smart Farming,Ahmedabad,"Prosus Ventures, Tiger Global Management, Zodius Capital",Series A,2021-06-12,44.8344
NimbusWorks,AgriTech,Supply Chain,Hyderabad,SoftBank Vision Fund,Seed,2020-04-29,7.98014
HyperSpace,FinTech,WealthTech,Pune,Tiger Global,Pre-Series A,2025-02-10,7.21374
Cars24,Mobility,Micro Mobility,Mumbai,"Accel, Blume Ventures, Ventures India",Series A,2024-04-18,24.1895
AgriSense,Enterprise,Automation,Hyderabad,"Falcon Edge, Y Combinator",Seed,2023-11-30,9.90572
SmartCare,Mobility,EV,Pune,LCatterton,Series C,2022-04-23,258.52588
BharatPe,E-commerce,Marketplace,Delhi,Bessemer Venture Partners,Series A,2024-08-30,94.81326
Porter,FoodTech,Food Delivery,Mumbai,Mirae Asset,Seed,2020-09-25,0.7664
FreshTech,HealthTech,Health Analytics,Ahmedabad,Blume Ventures,Series A,2025-06-09,28.09814
Oyo,FinTech,Payments,Gurugram,Prosus Ventures,Seed,2023-11-22,9.07226
BigBasket,HealthTech,Diagnostics,Delhi,"Accel, Sequoia Capital India, Ventures India",Debt,2022-05-20,2.43332
AgriHive,FinTech,Lending,Mumbai,"Mirae Asset, Omidyar Network",Pre-Seed,2023-09-13,0.32572
AutoStack,Logistics,Fleet Management,Bengaluru,LCatterton,Series C,2024-05-21,1354.6599
CoreFlow,EdTech,K12,Pune,"Peak XV, Y Combinator",Pre-Seed,2020-10-25,1.0059
BharatPe,Enterprise,Automation,Ahmedabad,Accel,Seed,2023-03-13,5.09656
UrbanStack,Media,Social,Hyderabad,"Kedaara Capital, Sequoia Capital India",Seed,2024-03-24,6.19826
Meesho,Mobility,Micro Mobility,Kolkata,Info Edge,Pre-Series A,2023-04-22,3.34342
AeroStack,SaaS,MarTech,Chennai,"Accel, Tiger Global Management",Seed,2021-04-11,1.21666
NeoTech,Mobility,Ride Sharing,Kolkata,A91 Partners,Series C,2023-12-14,488.61832
Razorpay,E-commerce,D2C,Kolkata,"Omidyar Network, SoftBank Vision Fund",Seed,2021-08-03,0.93884
Ola,EdTech,Coding Bootcamp,Hyderabad,IFC,Debt,2022-05-26,271.17148
FarmBox,SaaS,DevTools,Bengaluru,"Accel, Info Edge, Prosus Ventures",Debt,2022-10-03,35.9729
WorkFit,FoodTech,Food Delivery,Ahmedabad,Tiger Global,Bridge,2024-02-27,2.09802
BlueRise,AgriTech,Smart Farming,Mumbai,"Mirae Asset, Ventures India",Seed,2022-05-19,2.6345
SkillFlow,Retail,Fashion,Chennai,"Peak XV, Tiger Global Management",Pre-Series A,2023-09-27,8.48788
QuantumSolutions,Consumer Electronics,Audio,Mumbai,Ribbit Capital,Seed,2022-10-15,0.84304
HyperSpace,Media,Social,Mumbai,Y Combinator,Series A,2020-02-24,46.86536
NeoSense,AgriTech,Marketplace,Mumbai,"Bessemer Venture Partners, Ventures India",Series C,2023-09-15,753.9939
CloudPay,Consumer Electronics,Wearables,Noida,"A91 Partners, Peak XV",Seed,2021-12-04,4.56966
GreenMart,E-commerce,Fashion,Kolkata,"Info Edge, Sequoia Capital India",Seed,2022-02-09,0.50774
Oyo,Media,Social,Kolkata,"A91 Partners, Kalaari Capital, Ventures India",Series A,2021-10-01,101.6438
NeoLabs,RealEstate,Rental Tech,Ahmedabad,Falcon Edge,Series A,2023-02-25,119.56798
DriveFit,AgriTech,Smart Farming,Ahmedabad,SoftBank Vision Fund,Series B,2024-04-18,229.51764
ClearTax,AgriTech,Supply Chain,Delhi,"Omidyar Network, Ribbit Capital, Ventures India",Series D,2021-12-15,2382.24902
QuantumAnalytics,SaaS,HRTech,Chennai,Matrix Partners India,Pre-Series A,2023-09-16,8.01846
FreshTech,Media,Social,Hyderabad,Falcon Edge,Seed,2020-12-13,6.50482
GrowthConnect,Enterprise,Security,Ahmedabad,Sequoia Capital India,Series A,2022-05-12,14.47538
CoreSpace,SaaS,MarTech,Ahmedabad,Zodius Capital,Pre-Series A,2023-03-18,3.61166
Practo,Media,Streaming,Gurugram,"Omidyar Network, SoftBank Vision Fund, Y Combinator",Seed,2022-10-26,4.49302
DriveEdge,RealEstate,PropTech,Noida,Elevation Capital,Seed,2021-06-27,2.28962
FoodFit,AgriTech,Marketplace,Mumbai,Omidyar Network,Series B,2023-03-30,369.0695
SkillFlow,Retail,Fashion,Kolkata,Ribbit Capital,Pre-Series A,2021-12-12,8.2388
Oyo,Mobility,EV,Chennai,Kalaari Capital,Series B,2021-10-03,623.49514
AutoStack,Consumer Electronics,Smart Home,Noida,"A91 Partners, IFC, Kedaara Capital",Seed,2020-02-08,2.52912
Meesho,RealEstate,Rental Tech,Kolkata,"IFC, Zodius Capital",Seed,2023-07-30,0.72808
DriveEdge,Media,Streaming,Bengaluru,Nexus Venture Partners,Series A,2022-01-16,137.92326
Delhivery,Enterprise,Security,Chennai,Ribbit Capital,Seed,2024-08-27,10.57632
Flipkart,Logistics,Supply Chain,Delhi,Kalaari Capital,Seed,2023-05-16,0.75682
Porter,HealthTech,Diagnostics,Bengaluru,Mirae Asset,Seed,2024-08-21,14.31252
DriveEdge,FinTech,Lending,Delhi,Bessemer Venture Partners,Seed,2020-02-29,11.86004
QuantumSolutions,HealthTech,Telemedicine,Kolkata,SoftBank Vision Fund,Series C,2020-04-23,780.90412
Delhivery,Enterprise,Analytics,Chennai,"Kalaari Capital, LCatterton, Zodius Capital",Angel,2023-10-07,0.27782
FinSense,AgriTech,Marketplace,Noida,"Peak XV, Zodius Capital",Angel,2022-12-04,0.16286
AutoStack,E-commerce,Marketplace,Ahmedabad,SoftBank Vision Fund,Seed,2024-07-10,0.58438
UrbanDrive,Media,Social,Chennai,Lightspeed India,Seed,2020-08-06,1.64776
SkillSolutions,Logistics,Fleet Management,Bengaluru,"Info Edge, Peak XV, SoftBank Vision Fund",Series A,2022-02-06,84.2561
LogiMart,Retail,E-Retail,Pune,Sequoia Capital India,Series A,2022-01-23,9.70454
GreenMart,RealEstate,PropTech,Gurugram,Ribbit Capital,Seed,2022-02-26,1.63818
ShareChat,Retail,Fashion,Mumbai,"Kalaari Capital, LCatterton",Series A,2021-04-29,28.1652
DriveFit,Logistics,Supply Chain,Mumbai,Elevation Capital,Angel,2024-03-29,0.2395
BharatPe,Consumer Electronics,Smart Home,Pune,"IFC, Kalaari Capital, Sequoia Capital India",Growth,2024-04-19,5427.5969
NeoLabs,FoodTech,Food Delivery,Chennai,Zodius Capital,Growth,2024-08-06,1194.78886
Swiggy,Mobility,Ride Sharing,Pune,"Info Edge, Ventures India",Pre-Series A,2024-02-02,2.12676
ClearTax,Retail,E-Retail,Delhi,"Kalaari Capital, Nexus Venture Partners, Ribbit Capital",Series B,2024-06-08,370.15204
HyperLabs,E-commerce,Marketplace,Gurugram,"IFC, Prosus Ventures, Ventures India",Series A,2025-06-08,32.60074
FoodLoop,Enterprise,Automation,Delhi,"Bessemer Venture Partners, Zodius Capital",Seed,2023-11-08,1.09212
BlueRise,SaaS,DevTools,Chennai,"Lightspeed India, Peak XV",Growth,2025-04-18,1580.8437
HomeFoods,Consumer Electronics,Audio,Hyderabad,Kalaari Capital,Series B,2020-12-11,70.78662
DriveLoop,HealthTech,Telemedicine,Pune,Sequoia Capital India,Seed,2023-03-07,0.91968
DriveEdge,Consumer Electronics,Smart Home,Kolkata,Blume Ventures,Seed,2024-01-01,3.00812
NextStack,Consumer Electronics,Wearables,Delhi,"Lightspeed India, Zodius Capital",Series A,2021-02-27,29.7938
FinFoods,FoodTech,Cloud Kitchen,Bengaluru,Ribbit Capital,Seed,2021-06-20,13.99638
LogiMart,RealEstate,Rental Tech,Kolkata,IFC,Seed,2022-08-18,1.8202
AutoMart,Media,Content,Chennai,Accel,Series B,2021-06-08,239.56706
HealthWorks,EdTech,Coding Bootcamp,Pune,"Omidyar Network, Tiger Global Management, Ventures India",Debt,2025-04-07,48.73346
FarmFit,Mobility,Micro Mobility,Chennai,"A91 Partners, Tiger Global Management, Y Combinator",Seed,2022-03-19,0.49816
EduTech,Mobility,EV,Pune,SoftBank Vision Fund,Growth,2020-09-27,2759.52858
Paytm,HealthTech,Pharmacy,Mumbai,Mirae Asset,Seed,2025-06-27,0.91968
QuantumSolutions,FoodTech,Food Delivery,Hyderabad,Falcon Edge,Series A,2024-04-08,129.32042
DriveEdge,SaaS,MarTech,Delhi,"Blume Ventures, Info Edge, Ribbit Capital",Series A,2025-03-05,14.33168
Udaan,EdTech,K12,Bengaluru,"LCatterton, Mirae Asset, Nexus Venture Partners",Series A,2020-11-30,29.44892
NimbusLabs,SaaS,MarTech,Kolkata,"Accel, IFC, Nexus Venture Partners",Series A,2024-09-28,12.0708
HealthAnalytics,HealthTech,Pharmacy,Ahmedabad,Omidyar Network,Angel,2023-04-14,0.94842
MediHive,AgriTech,Supply Chain,Chennai,"LCatterton, Prosus Ventures",Angel,2021-05-19,0.22034
GrowthFlow,RealEstate,PropTech,Chennai,Zodius Capital,Pre-Series A,2025-03-17,3.77452
HyperLoop,Consumer Electronics,Smart Home,Kolkata,Omidyar Network,Series A,2025-05-10,11.48642
MediHive,FinTech,NeoBank,Kolkata,"Bessemer Venture Partners, LCatterton, Nexus Venture Partners",Seed,2024-02-07,7.6161
Postman,Retail,Fashion,Hyderabad,"Peak XV, Tiger Global, Y Combinator",Seed,2020-04-23,1.03464
FoodFit,EdTech,Coding Bootcamp,Mumbai,Kalaari Capital,Pre-Seed,2021-03-02,1.51364
CoreConnect,Retail,Fashion,Delhi,"LCatterton, Ventures India",Seed,2022-10-02,1.02506
LogiSense,E-commerce,D2C,Noida,"A91 Partners, Mirae Asset",Seed,2022-07-01,0.96758
Innovaccer,E-commerce,Fashion,Pune,"Info Edge, SoftBank Vision Fund, Tiger Global",Series A,2022-06-08,10.57632
SmartMart,RealEstate,Rental Tech,Delhi,"Accel, Mirae Asset, Ribbit Capital",Angel,2022-12-15,0.20118
HealthRise,Consumer Electronics,Wearables,Delhi,Zodius Capital,Debt,2023-11-02,32.05468
DriveLoop,FinTech,NeoBank,Mumbai,Falcon Edge,Angel,2022-11-17,0.05748
Flipkart,E-commerce,Fashion,Ahmedabad,Omidyar Network,Series C,2021-12-28,1564.90258
AeroAnalytics,Media,Streaming,Kolkata,"Kalaari Capital, Tiger Global",Seed,2021-01-08,2.54828
Delhivery,SaaS,MarTech,Kolkata,Tiger Global Management,Series A,2021-06-26,39.63246
DataEdge,E-commerce,Grocery,Hyderabad,"Falcon Edge, Sequoia Capital India",Growth,2020-08-05,1532.87664
Porter,FinTech,Lending,Kolkata,"Mirae Asset, Omidyar Network, Tiger Global Management",Series A,2022-04-09,28.3568
ShareChat,Media,Streaming,Chennai,Nexus Venture Partners,Series C,2020-06-28,872.13446
FinFoods,FinTech,Lending,Bengaluru,Ribbit Capital,Seed,2023-08-21,0.85262
DriveEdge,Enterprise,Automation,Gurugram,"Kalaari Capital, Nexus Venture Partners",Seed,2024-04-25,0.93884
Porter,HealthTech,Diagnostics,Kolkata,IFC,Bridge,2022-08-23,11.50558
HomeMart,AgriTech,Smart Farming,Bengaluru,"IFC, Info Edge, Kalaari Capital",Seed,2020-07-29,15.70162
NimbusLabs,AgriTech,Marketplace,Noida,"Falcon Edge, Kalaari Capital",Debt,2020-03-16,9.75244
Myntra,EdTech,Test Prep,Noida,A91 Partners,Pre-Seed,2023-03-26,0.35446
NextStack,FoodTech,Food Delivery,Mumbai,"Kedaara Capital, Sequoia Capital India, Y Combinator",Series A,2025-04-06,54.7976
SmartTech,Consumer Electronics,Wearables,Kolkata,"LCatterton, SoftBank Vision Fund",Seed,2021-03-25,2.16508
InMobi,HealthTech,Pharmacy,Chennai,"Mirae Asset, Ribbit Capital, Y Combinator",Bridge,2024-09-02,0.5269
BharatPe,AgriTech,Supply Chain,Hyderabad,"Blume Ventures, Mirae Asset",Series B,2020-06-25,73.85222
NeoLabs,FoodTech,Food Delivery,Hyderabad,Tiger Global Management,Seed,2023-02-14,6.71558
Licious,Logistics,Supply Chain,Delhi,"Sequoia Capital India, Tiger Global",Seed,2024-10-26,5.44144
Paytm,E-commerce,Grocery,Gurugram,"Matrix Partners India, SoftBank Vision Fund",Seed,2021-04-03,0.5269
AgriFit,Retail,Fashion,Hyderabad,"Accel, IFC, Omidyar Network",Angel,2024-10-13,0.0958
Postman,Consumer Electronics,Wearables,Mumbai,"IFC, Omidyar Network",Bridge,2024-05-19,1.12086
Zomato,Enterprise,Automation,Bengaluru,"Lightspeed India, Nexus Venture Partners, Y Combinator",Series A,2020-12-08,59.09902
Cars24,Media,Content,Noida,Blume Ventures,Series A,2024-11-17,10.1069
Mobikwik,SaaS,DevTools,Mumbai,"Sequoia Capital India, Ventures India",Series D,2022-06-18,608.7611
FarmBox,Mobility,Ride Sharing,Mumbai,"Prosus Ventures, Y Combinator",Seed,2024-01-04,9.15848
WorkPay,Mobility,EV,Gurugram,LCatterton,Seed,2022-05-28,0.92926
ShareChat,FinTech,InsurTech,Delhi,"Accel, Peak XV",Series C,2024-01-09,1122.23952
HyperLabs,Retail,E-Retail,Chennai,Prosus Ventures,Seed,2024-04-03,1.1496
WorkPay,FinTech,NeoBank,Hyderabad,"IFC, Kedaara Capital",Pre-Series A,2024-12-19,1.20708
HyperLabs,FinTech,WealthTech,Noida,"Kalaari Capital, LCatterton, Ribbit Capital",Series A,2020-10-27,18.50856
Ola,Media,Content,Chennai,Accel,Series C,2024-12-09,1354.71738
WorkStack,Media,Streaming,Delhi,Lightspeed India,Series A,2023-01-12,97.21784
FreshTech,Retail,Fashion,Delhi,"Matrix Partners India, Omidyar Network",Pre-Seed,2024-12-28,1.2933
Oyo,Media,Content,Noida,Matrix Partners India,Seed,2020-05-02,2.06928
ClearDekho,SaaS,B2B SaaS,Bengaluru,Info Edge,Series C,2025-04-11,1169.83296
MediHive,EdTech,K12,Pune,"A91 Partners, Nexus Venture Partners, Y Combinator",Seed,2023-09-27,1.02506
LogiMart,Mobility,Micro Mobility,Gurugram,"Accel, Kedaara Capital",Series C,2022-01-09,423.80004
Flipkart,E-commerce,Quick Commerce,Bengaluru,"Accel, Lightspeed India",Pre-Series A,2020-09-23,7.54904
CoreConnect,Mobility,EV,Hyderabad,"Prosus Ventures, Tiger Global Management",Series A,2023-07-27,9.92488
NeoLabs,FoodTech,Cloud Kitchen,Delhi,"Falcon Edge, Info Edge, Tiger Global Management",Series A,2022-09-19,12.08038
Housejoy,Media,Social,Kolkata,Peak XV,Series A,2024-03-08,16.82248
Nykaa,E-commerce,Grocery,Chennai,"Elevation Capital, Falcon Edge",Seed,2022-01-26,0.5269
Housejoy,SaaS,HRTech,Pune,Bessemer Venture Partners,Seed,2022-09-22,0.93884
SmartCare,FoodTech,Cloud Kitchen,Hyderabad,Zodius Capital,Private Equity,2021-03-17,3667.80838
NeoLabs,Mobility,EV,Mumbai,A91 Partners,Growth,2022-05-05,1456.61026
BlueSpace,Consumer Electronics,Smart Home,Ahmedabad,"Ribbit Capital, Ventures India",Seed,2020-10-10,12.89468
EduMart,Media,Content,Mumbai,"Kalaari Capital, Matrix Partners India",Series C,2023-09-22,1753.00588
AutoMart,FinTech,InsurTech,Hyderabad,Kedaara Capital,Series B,2024-11-08,123.57242
FreshTech,E-commerce,Grocery,Mumbai,"A91 Partners, Tiger Global",Seed,2023-06-21,1.2454
FinFoods,Mobility,Ride Sharing,Mumbai,Tiger Global Management,Series B,2022-12-25,137.25266
SkillSolutions,EdTech,Coding Bootcamp,Mumbai,Kalaari Capital,Series C,2023-05-27,947.62486
FarmFit,FinTech,WealthTech,Chennai,"Matrix Partners India, SoftBank Vision Fund",Seed,2020-02-19,1.28372
Porter,E-commerce,Grocery,Delhi,Ventures India,Seed,2021-01-09,4.79
HyperLoop,FoodTech,Grocery,Delhi,Blume Ventures,Seed,2025-05-22,2.16508
NimbusMart,E-commerce,D2C,Delhi,Y Combinator,Pre-Series A,2021-10-25,3.41048
Housejoy,FinTech,Lending,Gurugram,Mirae Asset,Series C,2023-04-15,624.19448
ClearDekho,FoodTech,Cloud Kitchen,Hyderabad,"Kalaari Capital, Mirae Asset",Seed,2022-08-09,1.41784
Freshworks,RealEstate,PropTech,Bengaluru,"Matrix Partners India, Prosus Ventures",Seed,2025-05-27,15.84532
FreshSolutions,FoodTech,Food Delivery,Mumbai,Bessemer Venture Partners,Series D,2022-10-21,2779.34002
SmartCare,HealthTech,Diagnostics,Noida,"Info Edge, Sequoia Capital India",Bridge,2025-05-22,0.80472
SmartMart,AgriTech,Smart Farming,Delhi,"Elevation Capital, Matrix Partners India",Pre-Seed,2025-03-26,1.41784
QuantumAnalytics,Enterprise,Automation,Gurugram,Tiger Global,Series A,2022-11-11,35.85794
CRED,Logistics,Last Mile,Chennai,Kedaara Capital,Series B,2024-08-27,572.1176
QuantumSolutions,EdTech,UpSkilling,Pune,"Info Edge, Matrix Partners India, Tiger Global Management",Series B,2025-06-29,439.99982
DataHive,AgriTech,Smart Farming,Bengaluru,"LCatterton, Omidyar Network, Sequoia Capital India",Angel,2020-09-30,0.17244
MediSpace,FoodTech,Grocery,Kolkata,Bessemer Venture Partners,Series C,2023-01-07,203.6229
Dunzo,Mobility,Ride Sharing,Kolkata,"Y Combinator, Zodius Capital",Series B,2021-12-23,100.88698
EduTech,Retail,Fashion,Bengaluru,Info Edge,Seed,2022-01-28,3.53502
HomeAnalytics,Retail,Grocery,Pune,"Ribbit Capital, Zodius Capital",Seed,2024-07-29,4.95286
HomeAnalytics,Consumer Electronics,Wearables,Bengaluru,"Kedaara Capital, Lightspeed India",Seed,2025-01-26,1.23582
AutoMart,Logistics,Fleet Management,Noida,Prosus Ventures,Series A,2023-02-04,13.96764
NoBroker,E-commerce,Grocery,Delhi,Peak XV,Series B,2020-09-17,484.9396
HomeFoods,Media,Content,Gurugram,"Omidyar Network, Prosus Ventures",Series D,2020-02-17,4621.01838
AutoFlow,FoodTech,Grocery,Bengaluru,"Kalaari Capital, Zodius Capital",Series D,2021-10-23,1607.03542
NeoTech,Consumer Electronics,Wearables,Pune,"Elevation Capital, Kalaari Capital, Lightspeed India",Series A,2020-03-30,15.25136
EduMart,FoodTech,Cloud Kitchen,Pune,Tiger Global Management,Seed,2023-03-17,1.31246
Zepto,Media,Content,Mumbai,SoftBank Vision Fund,Angel,2021-02-07,0.0479
Byju's,RealEstate,Rental Tech,Mumbai,Omidyar Network,Pre-Seed,2022-06-03,1.57112
WorkStack,EdTech,Test Prep,Kolkata,Zodius Capital,Seed,2021-11-28,0.73766
FinSpace,Retail,Fashion,Ahmedabad,"Info Edge, Nexus Venture Partners, Tiger Global Management",Series A,2020-07-14,45.6487
GreenMart,Enterprise,Automation,Mumbai,"Omidyar Network, Tiger Global",Series C,2020-05-06,402.44622
Paytm,E-commerce,Quick Commerce,Bengaluru,"Kalaari Capital, Ribbit Capital",Series A,2021-08-26,42.9663
Flipkart,EdTech,Test Prep,Kolkata,"IFC, Ribbit Capital",Pre-Series A,2024-06-16,4.29184
BlueSpace,RealEstate,PropTech,Kolkata,Accel,Series A,2023-04-18,90.61722
UrbanStack,E-commerce,Grocery,Gurugram,"Falcon Edge, Mirae Asset, Y Combinator",Angel,2020-09-15,0.08622
Ola,HealthTech,Diagnostics,Delhi,SoftBank Vision Fund,Series C,2020-05-03,197.3959
DriveEdge,RealEstate,Home Services,Hyderabad,Nexus Venture Partners,Series A,2023-01-13,13.88142
FreshTech,Logistics,Supply Chain,Bengaluru,"Matrix Partners India, Nexus Venture Partners, Zodius Capital",Series A,2023-09-08,109.61436
Udaan,FoodTech,Food Delivery,Gurugram,Bessemer Venture Partners,Bridge,2023-08-04,12.03248
DataHive,Consumer Electronics,Smart Home,Kolkata,"A91 Partners, SoftBank Vision Fund",Series A,2021-11-09,48.30236
Delhivery,FoodTech,Food Delivery,Delhi,Mirae Asset,Seed,2024-11-29,4.38764
Rapido,RealEstate,PropTech,Gurugram,Mirae Asset,Series A,2021-03-12,58.0069
FreshBox,FoodTech,Cloud Kitchen,Chennai,Sequoia Capital India,Seed,2020-01-14,0.9101
Licious,FinTech,NeoBank,Mumbai,Ribbit Capital,Seed,2022-06-20,13.97722
ShareChat,FinTech,Payments,Gurugram,LCatterton,Seed,2020-12-22,2.24172
NoBroker,SaaS,DevTools,Delhi,LCatterton,Seed,2020-12-26,1.9639
DataAnalytics,HealthTech,Health Analytics,Mumbai,Info Edge,Seed,2021-03-06,3.24762
Nykaa,Retail,Grocery,Delhi,IFC,Bridge,2025-06-24,0.56522
Byju's,E-commerce,Marketplace,Delhi,Y Combinator,Series C,2021-01-27,300.58208
DriveLoop,EdTech,Test Prep,Ahmedabad,"Elevation Capital, Nexus Venture Partners",Series A,2024-10-15,70.69082
LogiMart,Retail,Grocery,Delhi,"LCatterton, Lightspeed India",Series D,2025-06-06,579.60916
HealthRise,Retail,Fashion,Ahmedabad,"Ribbit Capital, Ventures India",Seed,2022-11-07,4.43554
NimbusWorks,Consumer Electronics,Audio,Pune,"Mirae Asset, Peak XV",Series B,2022-12-12,94.57376
FoodFit,Retail,Fashion,Bengaluru,Info Edge,Seed,2025-01-06,2.0118
FinSpace,Logistics,Supply Chain,Chennai,Matrix Partners India,Series A,2025-03-30,20.9323
WorkFit,E-commerce,D2C,Kolkata,"Falcon Edge, Tiger Global",Series A,2021-04-16,25.0996
BlueSpace,Consumer Electronics,Wearables,Chennai,Elevation Capital,Pre-Series A,2022-10-15,5.01992
GrowthFlow,EdTech,UpSkilling,Mumbai,Zodius Capital,Pre-Series A,2020-06-17,1.89684
HealthRise,EdTech,Test Prep,Mumbai,Lightspeed India,Seed,2020-03-19,3.87032
FreshBox,Media,Streaming,Hyderabad,Tiger Global Management,Seed,2023-05-22,2.76862
Swiggy,FinTech,WealthTech,Hyderabad,"Peak XV, Zodius Capital",Series C,2024-05-22,1155.93238
UrbanStack,Mobility,Ride Sharing,Chennai,"Lightspeed India, Matrix Partners India, Omidyar Network",Seed,2024-01-21,15.17472
InMobi,Media,Content,Pune,Info Edge,Series C,2021-10-03,1393.04696
SkillRise,Consumer Electronics,Smart Home,Bengaluru,Elevation Capital,Pre-Series A,2023-03-28,1.57112
MediSpace,RealEstate,Home Services,Pune,"Prosus Ventures, Ventures India",Seed,2022-05-21,0.53648
Delhivery,SaaS,B2B SaaS,Ahmedabad,Nexus Venture Partners,Series C,2025-03-03,389.80062
FreshBox,Retail,Fashion,Ahmedabad,"Kalaari Capital, Lightspeed India",Series A,2022-03-11,47.9958
AeroHub,E-commerce,D2C,Ahmedabad,Accel,Bridge,2023-08-01,0.5748
Zomato,RealEstate,Rental Tech,Delhi,"Blume Ventures, Mirae Asset",Pre-Seed,2023-11-12,0.60354
CRED,FoodTech,Food Delivery,Gurugram,Tiger Global,Seed,2023-09-12,4.33016
MediSpace,Enterprise,Security,Chennai,Falcon Edge,Seed,2020-08-14,1.64776
GrowthCare,FoodTech,Cloud Kitchen,Delhi,"Prosus Ventures, Zodius Capital",Growth,2021-09-26,3663.52612
NextSense,Logistics,Fleet Management,Gurugram,"Elevation Capital, Sequoia Capital India",Series A,2023-11-03,12.7893
SmartCare,Enterprise,Security,Ahmedabad,LCatterton,Series C,2022-12-12,234.83454
NeoLabs,AgriTech,Supply Chain,Mumbai,"Y Combinator, Zodius Capital",Seed,2024-12-09,7.03172
Delhivery,FoodTech,Grocery,Delhi,"Info Edge, Ventures India",Pre-Series A,2021-01-02,2.99854
BlueTech,E-commerce,Fashion,Bengaluru,Elevation Capital,Seed,2024-11-17,6.07372
Cars24,RealEstate,PropTech,Gurugram,"Nexus Venture Partners, Y Combinator",Angel,2022-04-22,0.17244
Zomato,Mobility,EV,Chennai,Falcon Edge,Series A,2021-06-01,18.67142
SmartMart,RealEstate,Rental Tech,Kolkata,"IFC, Kalaari Capital",Pre-Series A,2024-03-07,6.31322
MediSpace,Media,Social,Pune,"Accel, Info Edge",Series B,2022-08-08,439.47292
HomeMart,Consumer Electronics,Audio,Kolkata,Blume Ventures,Series C,2024-09-19,1257.25046
PhonePe,AgriTech,Supply Chain,Delhi,"Accel, Kalaari Capital, Ventures India",Seed,2022-12-30,1.30288
SkillFlow,SaaS,DevTools,Gurugram,"Falcon Edge, Info Edge, Tiger Global",Series B,2025-01-02,246.0623
Zomato,FoodTech,Grocery,Hyderabad,Tiger Global,Series A,2023-05-10,25.46364
UrbanSolutions,EdTech,UpSkilling,Gurugram,Sequoia Capital India,Seed,2020-02-02,0.6706
CloudLabs,E-commerce,Marketplace,Mumbai,"Blume Ventures, Kalaari Capital",Series C,2024-08-27,2297.41812
AeroStack,SaaS,DevTools,Ahmedabad,"Nexus Venture Partners, Peak XV",Seed,2023-01-14,0.79514
Meesho,E-commerce,D2C,Pune,"Info Edge, Kalaari Capital, SoftBank Vision Fund",Seed,2022-04-03,15.9507
Byju's,RealEstate,Home Services,Ahmedabad,Kalaari Capital,Pre-Series A,2020-05-17,2.67282
Chargebee,E-commerce,Grocery,Ahmedabad,Omidyar Network,Seed,2025-05-18,0.94842
UrbanDrive,Retail,Fashion,Delhi,"IFC, Mirae Asset, SoftBank Vision Fund",Seed,2023-07-25,3.53502
WorkStack,AgriTech,Smart Farming,Chennai,Falcon Edge,Series A,2024-02-28,101.86414
UrbanStack,AgriTech,Supply Chain,Hyderabad,Ribbit Capital,Seed,2022-05-27,7.1371
HealthWorks,Consumer Electronics,Wearables,Gurugram,"Omidyar Network, Peak XV, Sequoia Capital India",Seed,2021-02-22,9.3884
Ola,Media,Content,Delhi,Falcon Edge,Seed,2023-08-11,5.44144
SkillRise,Logistics,Last Mile,Gurugram,Matrix Partners India,Series D,2021-11-09,2358.36608
Udaan,RealEstate,PropTech,Gurugram,"Info Edge, SoftBank Vision Fund",Series A,2022-02-20,95.52218
MediHive,Consumer Electronics,Audio,Gurugram,Nexus Venture Partners,Seed,2020-10-16,1.20708
NoBroker,AgriTech,Marketplace,Gurugram,"Kedaara Capital, SoftBank Vision Fund",Seed,2020-06-09,2.91232
BlueRise,HealthTech,Diagnostics,Hyderabad,"IFC, Lightspeed India, Mirae Asset",Seed,2022-07-07,1.08254
ShareChat,FoodTech,Food Delivery,Delhi,"Info Edge, Omidyar Network",Series A,2022-05-15,138.97706
HyperLoop,Retail,Grocery,Bengaluru,Ventures India,Series C,2022-05-25,2469.99224
Delhivery,AgriTech,Marketplace,Delhi,Y Combinator,Series A,2020-12-25,10.66254
BigBasket,Consumer Electronics,Wearables,Chennai,SoftBank Vision Fund,Series A,2022-09-11,64.74164
CoreSpace,EdTech,Test Prep,Bengaluru,"Kalaari Capital, Y Combinator",Growth,2024-02-04,5505.39608
AutoMart,SaaS,MarTech,Kolkata,Kalaari Capital,Seed,2023-04-19,0.92926
GrowthConnect,E-commerce,Fashion,Ahmedabad,"Bessemer Venture Partners, Peak XV",Seed,2024-04-11,3.88948
NextFlow,Consumer Electronics,Smart Home,Pune,"Peak XV, Ventures India",Series B,2023-08-26,606.30862
HomeMart,Enterprise,Security,Bengaluru,Matrix Partners India,Series B,2023-08-14,52.62294
AutoFlow,HealthTech,Pharmacy,Gurugram,"Bessemer Venture Partners, Sequoia Capital India, Zodius Capital",Series A,2025-05-03,63.3238
AeroHub,AgriTech,Supply Chain,Noida,"Blume Ventures, Info Edge",Angel,2024-11-29,0.11496
Oyo,Mobility,Micro Mobility,Chennai,"Peak XV, Ventures India",Series A,2024-02-12,117.09634
Unacademy,E-commerce,Grocery,Pune,"Kedaara Capital, Lightspeed India, Ventures India",Series C,2021-07-04,2657.3483
MediHive,Enterprise,Security,Bengaluru,"Elevation Capital, Kalaari Capital",Seed,2024-05-03,15.59624
Paytm,HealthTech,Diagnostics,Pune,Mirae Asset,Seed,2020-10-02,2.75904
AeroAnalytics,Consumer Electronics,Smart Home,Gurugram,"Blume Ventures, Matrix Partners India, Ventures India",Seed,2020-04-30,11.51516
Freshworks,Consumer Electronics,Smart Home,Ahmedabad,Accel,Seed,2023-07-27,10.79666
WorkFit,Logistics,Last Mile,Pune,"Mirae Asset, Ventures India",Pre-Seed,2021-04-25,0.40236
MediSpace,Retail,E-Retail,Ahmedabad,Lightspeed India,Series C,2020-03-26,1808.3208
MediHive,Mobility,EV,Kolkata,"Info Edge, Y Combinator",Series A,2021-11-21,10.5859
DataHive,Enterprise,Analytics,Pune,"Tiger Global, Y Combinator",Series B,2022-02-14,250.22002
FreshBox,FinTech,InsurTech,Chennai,Sequoia Capital India,Series B,2024-12-23,90.63638
NeoTech,Logistics,Fleet Management,Gurugram,"Kalaari Capital, Mirae Asset, Prosus Ventures",Pre-Series A,2023-06-20,1.26456
FinFoods,RealEstate,Home Services,Bengaluru,Tiger Global Management,Series B,2024-11-23,59.29062
NeoSense,EdTech,Coding Bootcamp,Chennai,Y Combinator,Series B,2024-06-14,330.18428
FarmBox,Enterprise,Automation,Mumbai,"Lightspeed India, Nexus Venture Partners",Series B,2021-08-24,122.9114
ClearDekho,FinTech,Lending,Kolkata,"Mirae Asset, Tiger Global Management",Series C,2021-09-09,1363.91418
EduMart,Consumer Electronics,Smart Home,Noida,Ventures India,Seed,2021-03-09,0.61312
Unacademy,E-commerce,Fashion,Bengaluru,LCatterton,Seed,2025-03-17,1.5328
QuantumSolutions,Logistics,Fleet Management,Kolkata,Prosus Ventures,Bridge,2023-10-05,3.50628
NeoLabs,Media,Content,Gurugram,"SoftBank Vision Fund, Tiger Global",Angel,2024-04-18,0.50774
QuantumAnalytics,Retail,Fashion,Chennai,Nexus Venture Partners,Series C,2021-04-02,454.2357
Unacademy,E-commerce,Quick Commerce,Pune,Ventures India,Series B,2025-04-03,271.63132
Porter,AgriTech,Smart Farming,Delhi,"A91 Partners, Sequoia Capital India",Series D,2025-05-07,3683.95068
HealthWorks,EdTech,Coding Bootcamp,Chennai,"Nexus Venture Partners, Peak XV, Prosus Ventures",Seed,2022-01-17,4.6463
HomeAnalytics,FinTech,NeoBank,Kolkata,Zodius Capital,Seed,2024-07-29,1.13044
Chargebee,RealEstate,Home Services,Delhi,"Bessemer Venture Partners, Kedaara Capital, Prosus Ventures",Series A,2020-10-25,10.23144
FoodLoop,Media,Social,Hyderabad,"Mirae Asset, Zodius Capital",Debt,2023-12-17,213.66274
NimbusLabs,FoodTech,Cloud Kitchen,Pune,IFC,Seed,2024-01-07,0.51732
Zepto,Media,Streaming,Bengaluru,IFC,Angel,2024-05-08,0.66102
DriveFit,Enterprise,Automation,Delhi,"Prosus Ventures, SoftBank Vision Fund",Debt,2023-01-27,25.64566
NextFlow,FoodTech,Cloud Kitchen,Noida,"A91 Partners, Kedaara Capital, LCatterton",Series B,2021-08-01,647.2727
Wakefit,HealthTech,Pharmacy,Ahmedabad,"Elevation Capital, Omidyar Network, Prosus Ventures",Growth,2020-04-20,3943.14716
Ola,Media,Content,Hyderabad,Bessemer Venture Partners,Angel,2021-03-05,0.94842
BlueRise,FinTech,WealthTech,Ahmedabad,Y Combinator,Seed,2024-05-27,1.74356
DriveLoop,HealthTech,Telemedicine,Mumbai,Peak XV,Pre-Series A,2022-08-28,5.6043
Housejoy,Mobility,Micro Mobility,Pune,Ribbit Capital,Series A,2025-06-09,28.4526
CoreConnect,E-commerce,Marketplace,Chennai,"Peak XV, Ribbit Capital",Series A,2023-11-09,35.13944
UrbanSolutions,Retail,Fashion,Mumbai,"Info Edge, Ribbit Capital, Y Combinator",Series C,2024-11-06,1048.09032
MediSpace,E-commerce,Quick Commerce,Kolkata,"Lightspeed India, Omidyar Network",Series B,2025-02-03,539.93838
GrowthCare,Media,Social,Ahmedabad,"Elevation Capital, Kedaara Capital, Nexus Venture Partners",Seed,2022-09-18,18.06788
NeoSense,Enterprise,Automation,Delhi,Kalaari Capital,Pre-Series A,2023-12-06,5.62346
NeoLabs,Enterprise,Automation,Noida,"Nexus Venture Partners, Tiger Global Management, Ventures India",Series B,2024-06-06,152.54234
Housejoy,HealthTech,Diagnostics,Bengaluru,Nexus Venture Partners,Series A,2024-06-27,29.9854
FreshSolutions,RealEstate,PropTech,Mumbai,Accel,Series A,2024-10-09,70.6046
NeoTech,SaaS,DevTools,Chennai,Matrix Partners India,Bridge,2023-09-09,1.15918
FarmFit,Mobility,EV,Noida,"Falcon Edge, Kedaara Capital",Series A,2023-03-27,12.92342
AgriFit,Mobility,Ride Sharing,Mumbai,Sequoia Capital India,Series B,2020-04-01,128.0367
SmartCare,Enterprise,Analytics,Delhi,"Nexus Venture Partners, Y Combinator",Series A,2021-03-18,20.85566
Innovaccer,E-commerce,Grocery,Hyderabad,Kalaari Capital,Seed,2023-08-23,1.42742
WorkFit,RealEstate,Home Services,Delhi,"Kedaara Capital, Tiger Global Management, Ventures India",Series A,2020-05-24,18.03914
CloudLabs,AgriTech,Marketplace,Noida,SoftBank Vision Fund,Series A,2022-05-09,10.73918
DriveEdge,AgriTech,Supply Chain,Mumbai,Prosus Ventures,Seed,2022-12-24,0.50774
Freshworks,E-commerce,D2C,Mumbai,Nexus Venture Partners,Pre-Series A,2021-11-14,9.31176
Zepto,Logistics,Last Mile,Mumbai,Y Combinator,Pre-Series A,2025-06-07,2.56744
Zomato,Retail,E-Retail,Delhi,Omidyar Network,Series A,2024-11-28,27.12098
NeoLabs,SaaS,HRTech,Noida,Blume Ventures,Seed,2020-07-21,5.87254
UrbanDrive,Retail,Fashion,Noida,"Mirae Asset, Nexus Venture Partners",Series A,2024-12-11,17.30148
MediSpace,Media,Social,Delhi,"LCatterton, Matrix Partners India, Ribbit Capital",Seed,2023-03-08,15.93154
Nykaa,Media,Social,Ahmedabad,Info Edge,Pre-Series A,2022-07-26,5.85338
AgriFit,Mobility,EV,Hyderabad,"Elevation Capital, IFC, Zodius Capital",Bridge,2022-12-02,0.6706
Unacademy,Logistics,Supply Chain,Pune,Tiger Global,Series D,2023-07-23,1252.90114
MediWorks,HealthTech,Telemedicine,Mumbai,"Sequoia Capital India, Zodius Capital",Series B,2023-02-08,548.14844
Innovaccer,RealEstate,Rental Tech,Delhi,"Kedaara Capital, LCatterton, Tiger Global Management",Series A,2022-11-20,123.7257
CoreConnect,EdTech,Test Prep,Chennai,Matrix Partners India,Series B,2024-03-15,175.04576
Razorpay,AgriTech,Smart Farming,Delhi,"Blume Ventures, LCatterton",Series B,2024-12-11,262.3962
Mobikwik,Enterprise,Analytics,Noida,"Blume Ventures, Mirae Asset",Pre-Series A,2020-04-14,1.40826
FreshToHome,SaaS,DevTools,Noida,Elevation Capital,Series D,2024-10-22,4693.5773
AgriHive,EdTech,Test Prep,Ahmedabad,Peak XV,Pre-Series A,2025-03-05,1.6286
GrowthConnect,AgriTech,Smart Farming,Bengaluru,"SoftBank Vision Fund, Y Combinator",Pre-Series A,2023-06-14,8.39208
MediHive,Media,Social,Chennai,"Accel, Mirae Asset",Pre-Series A,2020-07-26,4.27268
HyperLoop,Consumer Electronics,Audio,Delhi,Mirae Asset,Series C,2021-05-27,993.45558
NimbusWorks,FoodTech,Cloud Kitchen,Noida,"Info Edge, Prosus Ventures",Series C,2020-08-10,768.00944
FinSense,FoodTech,Cloud Kitchen,Pune,Accel,Private Equity,2023-12-23,1629.42388
HealthAnalytics,FoodTech,Food Delivery,Pune,"Lightspeed India, Mirae Asset, Prosus Ventures",Angel,2020-11-24,0.07664
NextStack,Consumer Electronics,Smart Home,Kolkata,SoftBank Vision Fund,Series C,2024-01-02,348.09888
FoodFit,Media,Content,Delhi,Nexus Venture Partners,Seed,2020-08-08,0.94842
FoodSolutions,Retail,Fashion,Gurugram,Info Edge,Seed,2024-08-26,8.49746
MediSpace,Logistics,Supply Chain,Kolkata,Ribbit Capital,Seed,2022-05-28,1.74356
